Progress,ResponseId,Age,Gender,SES,Condition,AI_Results,SR_Results,Q1,Q2,Q3,Q4,Q5,Q6,Q7,Q8,Q9,Q10,Q11,Q12,Q13,Q14,Q15,Q16,Q17,Q18,Q19,Q20,Q21,Q22,Q23,Q24,Q25,Q26,Q27,Q28,Q29,Q30,Q31,Q32,Q33,Q34,Q35,Q36,Q37,Q38,Q39,Q40,Q41,Q42,Q43,Q44,Q45,Q46,Q47,Q48,Q49,Q50
100,R_8Krpxd15ocJEblE,18 - 24,Female,A-Levels or equivalent (e.g. college),Honest,"{'Conscientiousness': 0.336, 'Agreeableness': 0.225, 'Openness': 0.157, 'Extroversion': 0.157, 'Neuroticism': 0.125}",,Neither Accurate Nor Inaccurate,Very Inaccurate,Moderately Accurate,Moderately Accurate,Moderately Accurate,Moderately Inaccurate,Moderately Accurate,Very Inaccurate,Moderately Inaccurate,Moderately Inaccurate,Moderately Accurate,Very Inaccurate,Very Accurate,Very Accurate,Very Accurate,Neither Accurate Nor Inaccurate,Very Accurate,Moderately Inaccurate,Neither Accurate Nor Inaccurate,Moderately Inaccurate,Neither Accurate Nor Inaccurate,Very Inaccurate,Very Accurate,Neither Accurate Nor Inaccurate,Neither Accurate Nor Inaccurate,Moderately Inaccurate,Very Accurate,Very Inaccurate,Neither Accurate Nor Inaccurate,Moderately Inaccurate,Moderately Inaccurate,Very Inaccurate,Very Accurate,Neither Accurate Nor Inaccurate,Very Accurate,Moderately Accurate,Moderately Accurate,Neither Accurate Nor Inaccurate,Moderately Inaccurate,Neither Accurate Nor Inaccurate,Neither Accurate Nor Inaccurate,Moderately Accurate,Moderately Accurate,Moderately Inaccurate,Moderately Accurate,Neither Accurate Nor Inaccurate,Moderately Accurate,Moderately Accurate,Neither Accurate Nor Inaccurate,Moderately Accurate
100,R_8Wps4qJBzoOVL9f,18 - 24,Female,A-Levels or equivalent (e.g. college),Honest,"{'Conscientiousness': 0.293, 'Agreeableness': 0.198, 'Openness': 0.184, 'Extroversion': 0.172, 'Neuroticism': 0.153}",,Moderately Accurate,Very Inaccurate,Neither Accurate Nor Inaccurate,Neither Accurate Nor Inaccurate,Moderately Inaccurate,Moderately Inaccurate,Very Accurate,Moderately Inaccurate,Neither Accurate Nor Inaccurate,Neither Accurate Nor Inaccurate,Moderately Accurate,Very Inaccurate,Moderately Accurate,Moderately Accurate,Neither Accurate Nor Inaccurate,Neither Accurate Nor Inaccurate,Very Accurate,Moderately Inaccurate,Moderately Inaccurate,Moderately Inaccurate,Moderately Accurate,Very Inaccurate,Moderately Accurate,Moderately Accurate,Neither Accurate Nor Inaccurate,Moderately Inaccurate,Very Accurate,Moderately Inaccurate,Moderately Accurate,Moderately Accurate,Moderately Accurate,Moderately Inaccurate,Moderately Accurate,Very Accurate,Moderately Accurate,Moderately Accurate,Very Accurate,Neither Accurate Nor Inaccurate,Moderately Accurate,Moderately Inaccurate,Moderately Accurate,Very Accurate,Moderately Inaccurate,Moderately Accurate,Moderately Accurate,Neither Accurate Nor Inaccurate,Very Accurate,Neither Accurate Nor Inaccurate,Very Inaccurate,Moderately Inaccurate
100,R_2yrURnA2h02EZkL,18 - 24,Female,A-Levels or equivalent (e.g. college),Job,"{'Openness': 0.226, 'Extroversion': 0.221, 'Agreeableness': 0.207, 'Conscientiousness': 0.175, 'Neuroticism': 0.172}",,Moderately Inaccurate,Moderately Inaccurate,Moderately Inaccurate,Moderately Accurate,Moderately Accurate,Very Accurate,Moderately Accurate,Moderately Accurate,Neither Accurate Nor Inaccurate,Moderately Inaccurate,Moderately Accurate,Moderately Accurate,Moderately Accurate,Moderately Accurate,Moderately Accurate,Neither Accurate Nor Inaccurate,Moderately Accurate,Neither Accurate Nor Inaccurate,Moderately Accurate,Moderately Inaccurate,Moderately Inaccurate,Neither Accurate Nor Inaccurate,Very Inaccurate,Moderately Accurate,Moderately Accurate,Moderately Accurate,Moderately Accurate,Moderately Accurate,Very Accurate,Very Inaccurate,Moderately Inaccurate,Neither Accurate Nor Inaccurate,Moderately Inaccurate,Moderately Accurate,Neither Accurate Nor Inaccurate,Moderately Accurate,Moderately Accurate,Neither Accurate Nor Inaccurate,Moderately Accurate,Moderately Accurate,Moderately Inaccurate,Moderately Accurate,Neither Accurate Nor Inaccurate,Moderately Accurate,Neither Accurate Nor Inaccurate,Very Accurate,Moderately Inaccurate,Neither Accurate Nor Inaccurate,Moderately Accurate,Moderately Accurate
100,R_2kAiDas8jy60LC0,18 - 24,Female,"Bachelor's degree (BA, BSc, etc.) or equivalent",Job,"{'Conscientiousness': 0.288, 'Agreeableness': 0.207, 'Extroversion': 0.197, 'Openness': 0.162, 'Neuroticism': 0.146}",,Neither Accurate Nor Inaccurate,Moderately Inaccurate,Moderately Accurate,Neither Accurate Nor Inaccurate,Moderately Accurate,Moderately Inaccurate,Neither Accurate Nor Inaccurate,Moderately Inaccurate,Neither Accurate Nor Inaccurate,Moderately Inaccurate,Moderately Accurate,Moderately Accurate,Moderately Accurate,Neither Accurate Nor Inaccurate,Very Accurate,Moderately Inaccurate,Moderately Accurate,Moderately Inaccurate,Neither Accurate Nor Inaccurate,Neither Accurate Nor Inaccurate,Moderately Accurate,Moderately Inaccurate,Moderately Accurate,Moderately Inaccurate,Neither Accurate Nor Inaccurate,Moderately Inaccurate,Moderately Accurate,Moderately Inaccurate,Neither Accurate Nor Inaccurate,Very Inaccurate,Moderately Accurate,Neither Accurate Nor Inaccurate,Neither Accurate Nor Inaccurate,Moderately Accurate,Neither Accurate Nor Inaccurate,Moderately Accurate,Moderately Accurate,Neither Accurate Nor Inaccurate,Neither Accurate Nor Inaccurate,Neither Accurate Nor Inaccurate,Moderately Accurate,Moderately Accurate,Moderately Accurate,Moderately Accurate,Neither Accurate Nor Inaccurate,Moderately Inaccurate,Moderately Accurate,Neither Accurate Nor Inaccurate,Neither Accurate Nor Inaccurate,Moderately Accurate
100,R_21N0ChylfaFRLLl,25 - 34,Male,A-Levels or equivalent (e.g. college),Honest,"{'Conscientiousness': 0.287, 'Extroversion': 0.21, 'Agreeableness': 0.186, 'Openness': 0.18, 'Neuroticism': 0.137}",,Moderately Accurate,Moderately Inaccurate,Moderately Accurate,Moderately Inaccurate,Very Accurate,Very Inaccurate,Very Accurate,Moderately Inaccurate,Moderately Accurate,Very Inaccurate,Moderately Accurate,Neither Accurate Nor Inaccurate,Moderately Accurate,Moderately Inaccurate,Moderately Accurate,Moderately Inaccurate,Moderately Accurate,Moderately Inaccurate,Moderately Inaccurate,Very Inaccurate,Very Accurate,Very Inaccurate,Neither Accurate Nor Inaccurate,Moderately Accurate,Moderately Accurate,Very Inaccurate,Very Accurate,Moderately Inaccurate,Neither Accurate Nor Inaccurate,Moderately Inaccurate,Very Accurate,Moderately Inaccurate,Moderately Accurate,Moderately Accurate,Moderately Accurate,Moderately Inaccurate,Moderately Accurate,Moderately Accurate,Moderately Accurate,Very Accurate,Moderately Accurate,Neither Accurate Nor Inaccurate,Neither Accurate Nor Inaccurate,Neither Accurate Nor Inaccurate,Moderately Accurate,Very Inaccurate,Moderately Accurate,Moderately Accurate,Moderately Accurate,Moderately Accurate
100,R_8j8z0VIEVR4xQFO,18 - 24,Male,"Bachelor's degree (BA, BSc, etc.) or equivalent",Job,"{'Extroversion': 0.22, 'Conscientiousness': 0.218, 'Agreeableness': 0.207, 'Openness': 0.195, 'Neuroticism': 0.161}",,Very Inaccurate,Very Inaccurate,Moderately Inaccurate,Neither Accurate Nor Inaccurate,Moderately Inaccurate,Neither Accurate Nor Inaccurate,Moderately Accurate,Moderately Inaccurate,Neither Accurate Nor Inaccurate,Neither Accurate Nor Inaccurate,Neither Accurate Nor Inaccurate,Very Inaccurate,Neither Accurate Nor Inaccurate,Moderately Accurate,Neither Accurate Nor Inaccurate,Moderately Accurate,Very Accurate,Neither Accurate Nor Inaccurate,Neither Accurate Nor Inaccurate,Neither Accurate Nor Inaccurate,Moderately Inaccurate,Moderately Inaccurate,Neither Accurate Nor Inaccurate,Neither Accurate Nor Inaccurate,Moderately Accurate,Moderately Accurate,Very Accurate,Moderately Inaccurate,Moderately Accurate,Moderately Inaccurate,Moderately Inaccurate,Neither Accurate Nor Inaccurate,Moderately Accurate,Moderately Inaccurate,Neither Accurate Nor Inaccurate,Moderately Inaccurate,Neither Accurate Nor Inaccurate,Moderately Inaccurate,Very Inaccurate,Very Inaccurate,Very Inaccurate,Very Accurate,Moderately Accurate,Very Inaccurate,Moderately Accurate,Moderately Accurate,Moderately Inaccurate,Moderately Inaccurate,Very Inaccurate,Moderately Inaccurate
100,R_2e9AufYVwyeZCd4,18 - 24,Female,A-Levels or equivalent (e.g. college),Job,"{'Extroversion': 0.223, 'Openness': 0.221, 'Agreeableness': 0.206, 'Neuroticism': 0.175, 'Conscientiousness': 0.175}",,Very Inaccurate,Very Inaccurate,Very Accurate,Neither Accurate Nor Inaccurate,Very Accurate,Neither Accurate Nor Inaccurate,Very Accurate,Very Inaccurate,Neither Accurate Nor Inaccurate,Very Inaccurate,Neither Accurate Nor Inaccurate,Very Inaccurate,Very Accurate,Neither Accurate Nor Inaccurate,Very Inaccurate,Neither Accurate Nor Inaccurate,Very Accurate,Very Inaccurate,Very Inaccurate,Very Inaccurate,Very Accurate,Neither Accurate Nor Inaccurate,Moderately Accurate,Very Accurate,Very Accurate,Neither Accurate Nor Inaccurate,Very Accurate,Neither Accurate Nor Inaccurate,Very Inaccurate,Very Inaccurate,Very Inaccurate,Very Inaccurate,Very Accurate,Moderately Accurate,Very Accurate,Neither Accurate Nor Inaccurate,Moderately Accurate,Very Inaccurate,Very Inaccurate,Very Accurate,Neither Accurate Nor Inaccurate,Very Accurate,Very Accurate,Neither Accurate Nor Inaccurate,Very Accurate,Very Accurate,Very Accurate,Very Accurate,Very Inaccurate,Very Accurate
100,R_29od9EaZD5z48ZG,18 - 24,Female,A-Levels or equivalent (e.g. college),Honest,"{'Conscientiousness': 0.299, 'Agreeableness': 0.197, 'Extroversion': 0.185, 'Openness': 0.184, 'Neuroticism': 0.135}",,Neither Accurate Nor Inaccurate,Neither Accurate Nor Inaccurate,Neither Accurate Nor Inaccurate,Neither Accurate Nor Inaccurate,Neither Accurate Nor Inaccurate,Neither Accurate Nor Inaccurate,Neither Accurate Nor Inaccurate,Neither Accurate Nor Inaccurate,Neither Accurate Nor Inaccurate,Neither Accurate Nor Inaccurate,Neither Accurate Nor Inaccurate,Neither Accurate Nor Inaccurate,Neither Accurate Nor Inaccurate,Neither Accurate Nor Inaccurate,Neither Accurate Nor Inaccurate,Neither Accurate Nor Inaccurate,Neither Accurate Nor Inaccurate,Neither Accurate Nor Inaccurate,Moderately Inaccurate,Moderately Inaccurate,Neither Accurate Nor Inaccurate,Neither Accurate Nor Inaccurate,Neither Accurate Nor Inaccurate,Neither Accurate Nor Inaccurate,Neither Accurate Nor Inaccurate,Neither Accurate Nor Inaccurate,Neither Accurate Nor Inaccurate,Neither Accurate Nor Inaccurate,Neither Accurate Nor Inaccurate,Neither Accurate Nor Inaccurate,Neither Accurate Nor Inaccurate,Neither Accurate Nor Inaccurate,Moderately Inaccurate,Neither Accurate Nor Inaccurate,Neither Accurate Nor Inaccurate,Neither Accurate Nor Inaccurate,Neither Accurate Nor Inaccurate,Neither Accurate Nor Inaccurate,Neither Accurate Nor Inaccurate,Neither Accurate Nor Inaccurate,Neither Accurate Nor Inaccurate,Neither Accurate Nor Inaccurate,Neither Accurate Nor Inaccurate,Neither Accurate Nor Inaccurate,Neither Accurate Nor Inaccurate,Neither Accurate Nor Inaccurate,Neither Accurate Nor Inaccurate,Neither Accurate Nor Inaccurate,Neither Accurate Nor Inaccurate,Neither Accurate Nor Inaccurate
100,R_82xJVSXBG1IR37H,25 - 34,Male,Below 5 GCSEs,Job,"{'Conscientiousness': 0.289, 'Agreeableness': 0.192, 'Extroversion': 0.183, 'Openness': 0.174, 'Neuroticism': 0.162}",,Neither Accurate Nor Inaccurate,Moderately Inaccurate,Neither Accurate Nor Inaccurate,Moderately Accurate,Moderately Inaccurate,Very Inaccurate,Moderately Accurate,Moderately Inaccurate,Neither Accurate Nor Inaccurate,Moderately Inaccurate,Moderately Accurate,Very Inaccurate,Moderately Accurate,Neither Accurate Nor Inaccurate,Very Inaccurate,Neither Accurate Nor Inaccurate,Moderately Accurate,Very Inaccurate,Very Inaccurate,Neither Accurate Nor Inaccurate,Very Accurate,Moderately Inaccurate,Neither Accurate Nor Inaccurate,Moderately Inaccurate,Neither Accurate Nor Inaccurate,Moderately Inaccurate,Moderately Accurate,Moderately Inaccurate,Very Inaccurate,Very Inaccurate,Moderately Accurate,Moderately Inaccurate,Neither Accurate Nor Inaccurate,Very Inaccurate,Neither Accurate Nor Inaccurate,Moderately Inaccurate,Moderately Accurate,Moderately Inaccurate,Moderately Inaccurate,Neither Accurate Nor Inaccurate,Moderately Accurate,Moderately Inaccurate,Moderately Accurate,Very Inaccurate,Neither Accurate Nor Inaccurate,Moderately Inaccurate,Moderately Accurate,Neither Accurate Nor Inaccurate,Very Inaccurate,Neither Accurate Nor Inaccurate
100,R_8dQRpPPtCskTZx0,18 - 24,Female,A-Levels or equivalent (e.g. college),Honest,"{'Conscientiousness': 0.269, 'Extroversion': 0.219, 'Openness': 0.196, 'Agreeableness': 0.178, 'Neuroticism': 0.137}",,Moderately Inaccurate,Moderately Inaccurate,Neither Accurate Nor Inaccurate,Neither Accurate Nor Inaccurate,Neither Accurate Nor Inaccurate,Moderately Inaccurate,Neither Accurate Nor Inaccurate,Very Inaccurate,Moderately Inaccurate,Very Inaccurate,Moderately Inaccurate,Very Inaccurate,Very Accurate,Moderately Accurate,Very Accurate,Neither Accurate Nor Inaccurate,Moderately Accurate,Moderately Inaccurate,Moderately Inaccurate,Very Inaccurate,Moderately Accurate,Moderately Inaccurate,Moderately Inaccurate,Moderately Inaccurate,Neither Accurate Nor Inaccurate,Neither Accurate Nor Inaccurate,Moderately Accurate,Moderately Inaccurate,Neither Accurate Nor Inaccurate,Moderately Inaccurate,Moderately Inaccurate,Neither Accurate Nor Inaccurate,Moderately Accurate,Moderately Inaccurate,Moderately Accurate,Moderately Accurate,Neither Accurate Nor Inaccurate,Neither Accurate Nor Inaccurate,Moderately Inaccurate,Moderately Accurate,Very Inaccurate,Moderately Accurate,Moderately Inaccurate,Neither Accurate Nor Inaccurate,Very Accurate,Moderately Accurate,Moderately Accurate,Moderately Accurate,Neither Accurate Nor Inaccurate,Neither Accurate Nor Inaccurate
100,R_2AIx9aZYAKNn1Nn,18 - 24,Female,Below 5 GCSEs,Honest,"{'Conscientiousness': 0.266, 'Extroversion': 0.216, 'Agreeableness': 0.191, 'Openness': 0.171, 'Neuroticism': 0.156}",,Very Inaccurate,Very Inaccurate,Neither Accurate Nor Inaccurate,Very Accurate,Neither Accurate Nor Inaccurate,Moderately Accurate,Neither Accurate Nor Inaccurate,Moderately Inaccurate,Moderately Inaccurate,Neither Accurate Nor Inaccurate,Neither Accurate Nor Inaccurate,Very Inaccurate,Moderately Accurate,Very Accurate,Very Accurate,Very Accurate,Very Accurate,Neither Accurate Nor Inaccurate,Neither Accurate Nor Inaccurate,Neither Accurate Nor Inaccurate,Neither Accurate Nor Inaccurate,Moderately Inaccurate,Neither Accurate Nor Inaccurate,Moderately Accurate,Neither Accurate Nor Inaccurate,Neither Accurate Nor Inaccurate,Very Accurate,Moderately Inaccurate,Moderately Accurate,Moderately Inaccurate,Very Inaccurate,Neither Accurate Nor Inaccurate,Moderately Accurate,Moderately Accurate,Moderately Accurate,Very Accurate,Very Accurate,Moderately Inaccurate,Moderately Accurate,Neither Accurate Nor Inaccurate,Moderately Inaccurate,Moderately Accurate,Moderately Accurate,Moderately Accurate,Moderately Accurate,Very Accurate,Very Accurate,Moderately Accurate,Moderately Accurate,Neither Accurate Nor Inaccurate
100,R_2vWA7K3rIljLr2h,18 - 24,Female,A-Levels or equivalent (e.g. college),Honest,"{'Conscientiousness': 0.308, 'Agreeableness': 0.194, 'Extroversion': 0.172, 'Openness': 0.172, 'Neuroticism': 0.154}",,Neither Accurate Nor Inaccurate,Moderately Inaccurate,Neither Accurate Nor Inaccurate,Neither Accurate Nor Inaccurate,Moderately Inaccurate,Moderately Inaccurate,Neither Accurate Nor Inaccurate,Neither Accurate Nor Inaccurate,Neither Accurate Nor Inaccurate,Neither Accurate Nor Inaccurate,Neither Accurate Nor Inaccurate,Neither Accurate Nor Inaccurate,Neither Accurate Nor Inaccurate,Neither Accurate Nor Inaccurate,Neither Accurate Nor Inaccurate,Moderately Inaccurate,Neither Accurate Nor Inaccurate,Moderately Inaccurate,Moderately Inaccurate,Moderately Inaccurate,Neither Accurate Nor Inaccurate,Moderately Inaccurate,Moderately Inaccurate,Moderately Inaccurate,Neither Accurate Nor Inaccurate,Moderately Inaccurate,Neither Accurate Nor Inaccurate,Neither Accurate Nor Inaccurate,Neither Accurate Nor Inaccurate,Moderately Inaccurate,Moderately Inaccurate,Moderately Inaccurate,Neither Accurate Nor Inaccurate,Neither Accurate Nor Inaccurate,Neither Accurate Nor Inaccurate,Neither Accurate Nor Inaccurate,Neither Accurate Nor Inaccurate,Neither Accurate Nor Inaccurate,Moderately Inaccurate,Moderately Inaccurate,Neither Accurate Nor Inaccurate,Neither Accurate Nor Inaccurate,Neither Accurate Nor Inaccurate,Neither Accurate Nor Inaccurate,Neither Accurate Nor Inaccurate,Moderately Inaccurate,Moderately Inaccurate,Moderately Inaccurate,Moderately Inaccurate,Moderately Inaccurate
100,R_8IpbnZCLnvrfWpO,18 - 24,Female,A-Levels or equivalent (e.g. college),Job,"{'Conscientiousness': 0.284, 'Agreeableness': 0.2, 'Extroversion': 0.198, 'Openness': 0.16, 'Neuroticism': 0.157}",,Neither Accurate Nor Inaccurate,Very Inaccurate,Moderately Accurate,Moderately Accurate,Moderately Accurate,Neither Accurate Nor Inaccurate,Moderately Accurate,Moderately Inaccurate,Neither Accurate Nor Inaccurate,Moderately Inaccurate,Neither Accurate Nor Inaccurate,Moderately Inaccurate,Very Accurate,Very Accurate,Neither Accurate Nor Inaccurate,Neither Accurate Nor Inaccurate,Very Accurate,Moderately Inaccurate,Moderately Inaccurate,Moderately Inaccurate,Neither Accurate Nor Inaccurate,Moderately Inaccurate,Neither Accurate Nor Inaccurate,Moderately Inaccurate,Neither Accurate Nor Inaccurate,Neither Accurate Nor Inaccurate,Moderately Accurate,Neither Accurate Nor Inaccurate,Moderately Accurate,Neither Accurate Nor Inaccurate,Moderately Accurate,Moderately Inaccurate,Moderately Accurate,Neither Accurate Nor Inaccurate,Neither Accurate Nor Inaccurate,Neither Accurate Nor Inaccurate,Moderately Accurate,Moderately Inaccurate,Neither Accurate Nor Inaccurate,Moderately Accurate,Moderately Inaccurate,Moderately Accurate,Moderately Accurate,Moderately Accurate,Very Accurate,Very Accurate,Moderately Accurate,Moderately Accurate,Neither Accurate Nor Inaccurate,Neither Accurate Nor Inaccurate
100,R_2ef56oKbOB4sqXv,18 - 24,Female,A-Levels or equivalent (e.g. college),Honest,"{'Conscientiousness': 0.325, 'Agreeableness': 0.2, 'Extroversion': 0.173, 'Openness': 0.164, 'Neuroticism': 0.138}",,Moderately Inaccurate,Neither Accurate Nor Inaccurate,Moderately Accurate,Very Accurate,Neither Accurate Nor Inaccurate,Moderately Accurate,Moderately Inaccurate,Moderately Accurate,Moderately Inaccurate,Moderately Inaccurate,Very Inaccurate,Moderately Inaccurate,Moderately Accurate,Very Accurate,Very Accurate,Very Accurate,Moderately Accurate,Neither Accurate Nor Inaccurate,Moderately Inaccurate,Very Inaccurate,Very Inaccurate,Neither Accurate Nor Inaccurate,Moderately Inaccurate,Moderately Accurate,Moderately Accurate,Very Inaccurate,Moderately Accurate,Very Accurate,Moderately Accurate,Very Inaccurate,Very Inaccurate,Neither Accurate Nor Inaccurate,Moderately Accurate,Neither Accurate Nor Inaccurate,Moderately Inaccurate,Very Accurate,Moderately Accurate,Neither Accurate Nor Inaccurate,Moderately Accurate,Moderately Accurate,Moderately Inaccurate,Very Accurate,Very Accurate,Moderately Accurate,Very Accurate,Very Accurate,Neither Accurate Nor Inaccurate,Neither Accurate Nor Inaccurate,Moderately Accurate,Very Accurate
100,R_2imSBE8MF1jpTWL,18 - 24,Female,"Bachelor's degree (BA, BSc, etc.) or equivalent",Job,"{'Conscientiousness': 0.291, 'Agreeableness': 0.202, 'Extroversion': 0.184, 'Openness': 0.167, 'Neuroticism': 0.156}",,Very Inaccurate,Very Inaccurate,Neither Accurate Nor Inaccurate,Very Accurate,Moderately Accurate,Moderately Accurate,Moderately Accurate,Moderately Inaccurate,Very Inaccurate,Moderately Inaccurate,Moderately Inaccurate,Moderately Inaccurate,Moderately Accurate,Very Accurate,Very Accurate,Very Accurate,Very Accurate,Moderately Accurate,Moderately Inaccurate,Neither Accurate Nor Inaccurate,Moderately Inaccurate,Moderately Inaccurate,Moderately Accurate,Neither Accurate Nor Inaccurate,Moderately Accurate,Moderately Inaccurate,Moderately Accurate,Moderately Inaccurate,Moderately Accurate,Very Inaccurate,Very Inaccurate,Very Inaccurate,Moderately Accurate,Moderately Accurate,Moderately Accurate,Very Accurate,Moderately Accurate,Moderately Inaccurate,Moderately Accurate,Moderately Accurate,Very Inaccurate,Very Accurate,Moderately Accurate,Very Accurate,Very Accurate,Very Accurate,Neither Accurate Nor Inaccurate,Moderately Accurate,Very Accurate,Very Accurate
100,R_2M502IGrFLGWJ9K,18 - 24,Female,A-Levels or equivalent (e.g. college),Job,"{'Conscientiousness': 0.265, 'Openness': 0.223, 'Extroversion': 0.186, 'Agreeableness': 0.166, 'Neuroticism': 0.16}",,Moderately Inaccurate,Very Inaccurate,Moderately Accurate,Very Accurate,Moderately Accurate,Neither Accurate Nor Inaccurate,Neither Accurate Nor Inaccurate,Neither Accurate Nor Inaccurate,Very Inaccurate,Moderately Inaccurate,Very Inaccurate,Very Inaccurate,Very Accurate,Very Accurate,Neither Accurate Nor Inaccurate,Neither Accurate Nor Inaccurate,Very Accurate,Neither Accurate Nor Inaccurate,Very Accurate,Very Inaccurate,Moderately Accurate,Very Inaccurate,Neither Accurate Nor Inaccurate,Moderately Accurate,Moderately Accurate,Neither Accurate Nor Inaccurate,Very Accurate,Moderately Inaccurate,Very Accurate,Neither Accurate Nor Inaccurate,Moderately Inaccurate,Very Inaccurate,Moderately Accurate,Moderately Accurate,Moderately Accurate,Moderately Accurate,Very Accurate,Neither Accurate Nor Inaccurate,Moderately Accurate,Neither Accurate Nor Inaccurate,Moderately Inaccurate,Very Accurate,Moderately Accurate,Moderately Accurate,Neither Accurate Nor Inaccurate,Moderately Accurate,Very Accurate,Neither Accurate Nor Inaccurate,Moderately Accurate,Moderately Accurate
100,R_88GqnY53iYUvMJ1,18 - 24,Female,A-Levels or equivalent (e.g. college),Honest,"{'Conscientiousness': 0.265, 'Agreeableness': 0.201, 'Extroversion': 0.2, 'Openness': 0.177, 'Neuroticism': 0.157}",,Neither Accurate Nor Inaccurate,Moderately Inaccurate,Neither Accurate Nor Inaccurate,Moderately Accurate,Neither Accurate Nor Inaccurate,Moderately Inaccurate,Neither Accurate Nor Inaccurate,Neither Accurate Nor Inaccurate,Moderately Inaccurate,Moderately Accurate,Moderately Accurate,Moderately Inaccurate,Moderately Accurate,Moderately Accurate,Very Accurate,Moderately Accurate,Moderately Accurate,Neither Accurate Nor Inaccurate,Moderately Inaccurate,Moderately Inaccurate,Very Inaccurate,Moderately Accurate,Moderately Accurate,Moderately Accurate,Neither Accurate Nor Inaccurate,Moderately Inaccurate,Moderately Accurate,Moderately Inaccurate,Moderately Accurate,Moderately Inaccurate,Very Inaccurate,Neither Accurate Nor Inaccurate,Moderately Accurate,Moderately Accurate,Neither Accurate Nor Inaccurate,Moderately Accurate,Moderately Accurate,Moderately Inaccurate,Moderately Accurate,Neither Accurate Nor Inaccurate,Moderately Inaccurate,Moderately Accurate,Moderately Accurate,Moderately Accurate,Moderately Accurate,Very Accurate,Neither Accurate Nor Inaccurate,Neither Accurate Nor Inaccurate,Moderately Inaccurate,Moderately Accurate
100,R_2PFM9s16BgICJgJ,18 - 24,Female,A-Levels or equivalent (e.g. college),Honest,"{'Conscientiousness': 0.358, 'Agreeableness': 0.219, 'Openness': 0.145, 'Neuroticism': 0.14, 'Extroversion': 0.138}",,Moderately Inaccurate,Very Inaccurate,Moderately Accurate,Moderately Accurate,Moderately Accurate,Very Accurate,Moderately Inaccurate,Very Inaccurate,Very Accurate,Moderately Inaccurate,Neither Accurate Nor Inaccurate,Very Inaccurate,Very Accurate,Moderately Accurate,Moderately Accurate,Very Accurate,Very Accurate,Very Inaccurate,Moderately Accurate,Neither Accurate Nor Inaccurate,Very Inaccurate,Very Inaccurate,Moderately Accurate,Moderately Inaccurate,Neither Accurate Nor Inaccurate,Very Accurate,Very Accurate,Moderately Inaccurate,Moderately Accurate,Moderately Inaccurate,Very Inaccurate,Neither Accurate Nor Inaccurate,Moderately Accurate,Neither Accurate Nor Inaccurate,Very Accurate,Very Accurate,Moderately Accurate,Neither Accurate Nor Inaccurate,Neither Accurate Nor Inaccurate,Moderately Accurate,Very Inaccurate,Very Accurate,Moderately Accurate,Very Accurate,Moderately Accurate,Very Accurate,Very Accurate,Neither Accurate Nor Inaccurate,Neither Accurate Nor Inaccurate,Moderately Accurate
100,R_236WdwfrIsDMuyk,18 - 24,Prefer not to say,A-Levels or equivalent (e.g. college),Job,"{'Conscientiousness': 0.293, 'Extroversion': 0.192, 'Agreeableness': 0.192, 'Openness': 0.175, 'Neuroticism': 0.148}",,Moderately Inaccurate,Moderately Inaccurate,Moderately Accurate,Moderately Accurate,Neither Accurate Nor Inaccurate,Moderately Accurate,Moderately Accurate,Neither Accurate Nor Inaccurate,Moderately Inaccurate,Neither Accurate Nor Inaccurate,Moderately Accurate,Moderately Accurate,Moderately Accurate,Moderately Accurate,Moderately Accurate,Moderately Accurate,Moderately Accurate,Moderately Inaccurate,Moderately Inaccurate,Moderately Inaccurate,Moderately Inaccurate,Neither Accurate Nor Inaccurate,Moderately Accurate,Moderately Accurate,Neither Accurate Nor Inaccurate,Moderately Accurate,Moderately Accurate,Moderately Accurate,Moderately Accurate,Very Inaccurate,Neither Accurate Nor Inaccurate,Moderately Inaccurate,Moderately Accurate,Moderately Accurate,Moderately Accurate,Moderately Accurate,Moderately Accurate,Neither Accurate Nor Inaccurate,Moderately Accurate,Neither Accurate Nor Inaccurate,Moderately Accurate,Moderately Accurate,Moderately Accurate,Moderately Accurate,Moderately Accurate,Moderately Accurate,Moderately Accurate,Moderately Accurate,Moderately Accurate,Moderately Accurate
100,R_2SoYf0vc8QEKFX0,18 - 24,Female,A-Levels or equivalent (e.g. college),Job,"{'Conscientiousness': 0.324, 'Agreeableness': 0.204, 'Openness': 0.17, 'Extroversion': 0.167, 'Neuroticism': 0.136}",,Very Inaccurate,Moderately Inaccurate,Moderately Accurate,Moderately Inaccurate,Very Accurate,Neither Accurate Nor Inaccurate,Very Accurate,Very Accurate,Moderately Accurate,Moderately Inaccurate,Very Accurate,Very Inaccurate,Moderately Inaccurate,Moderately Accurate,Very Accurate,Moderately Inaccurate,Moderately Accurate,Moderately Inaccurate,Very Accurate,Moderately Inaccurate,Moderately Accurate,Neither Accurate Nor Inaccurate,Moderately Inaccurate,Moderately Accurate,Neither Accurate Nor Inaccurate,Neither Accurate Nor Inaccurate,Moderately Accurate,Moderately Accurate,Neither Accurate Nor Inaccurate,Very Inaccurate,Very Inaccurate,Moderately Accurate,Neither Accurate Nor Inaccurate,Neither Accurate Nor Inaccurate,Neither Accurate Nor Inaccurate,Moderately Inaccurate,Very Accurate,Moderately Accurate,Very Inaccurate,Moderately Accurate,Moderately Accurate,Neither Accurate Nor Inaccurate,Moderately Inaccurate,Moderately Inaccurate,Neither Accurate Nor Inaccurate,Moderately Inaccurate,Very Accurate,Neither Accurate Nor Inaccurate,Very Inaccurate,Moderately Inaccurate
100,R_2Oux1Exm2Fefdyc,18 - 24,Female,Master's (MA/MSc) or Doctorate (PhD),Honest,"{'Conscientiousness': 0.251, 'Agreeableness': 0.211, 'Extroversion': 0.202, 'Openness': 0.181, 'Neuroticism': 0.155}",,Moderately Accurate,Moderately Inaccurate,Moderately Accurate,Moderately Accurate,Neither Accurate Nor Inaccurate,Neither Accurate Nor Inaccurate,Moderately Accurate,Moderately Inaccurate,Neither Accurate Nor Inaccurate,Neither Accurate Nor Inaccurate,Moderately Inaccurate,Very Inaccurate,Neither Accurate Nor Inaccurate,Moderately Accurate,Moderately Accurate,Neither Accurate Nor Inaccurate,Moderately Accurate,Very Inaccurate,Very Inaccurate,Very Inaccurate,Neither Accurate Nor Inaccurate,Moderately Inaccurate,Moderately Accurate,Moderately Accurate,Neither Accurate Nor Inaccurate,Moderately Inaccurate,Moderately Accurate,Neither Accurate Nor Inaccurate,Moderately Inaccurate,Moderately Inaccurate,Neither Accurate Nor Inaccurate,Neither Accurate Nor Inaccurate,Moderately Accurate,Neither Accurate Nor Inaccurate,Neither Accurate Nor Inaccurate,Neither Accurate Nor Inaccurate,Moderately Accurate,Neither Accurate Nor Inaccurate,Neither Accurate Nor Inaccurate,Moderately Inaccurate,Neither Accurate Nor Inaccurate,Moderately Accurate,Moderately Accurate,Moderately Inaccurate,Moderately Accurate,Moderately Accurate,Moderately Accurate,Moderately Accurate,Neither Accurate Nor Inaccurate,Very Accurate
100,R_8pMOyTjnOuZ1Ec1,25 - 34,Male,"Bachelor's degree (BA, BSc, etc.) or equivalent",Job,"{'Openness': 0.266, 'Extroversion': 0.221, 'Neuroticism': 0.209, 'Agreeableness': 0.174, 'Conscientiousness': 0.13}",,Neither Accurate Nor Inaccurate,Neither Accurate Nor Inaccurate,Very Accurate,Moderately Inaccurate,Very Accurate,Very Accurate,Very Accurate,Very Accurate,Very Accurate,Very Accurate,Very Inaccurate,Very Inaccurate,Very Accurate,Very Inaccurate,Very Accurate,Very Accurate,Moderately Accurate,Very Inaccurate,Neither Accurate Nor Inaccurate,Neither Accurate Nor Inaccurate,Neither Accurate Nor Inaccurate,Neither Accurate Nor Inaccurate,Neither Accurate Nor Inaccurate,Neither Accurate Nor Inaccurate,Neither Accurate Nor Inaccurate,Neither Accurate Nor Inaccurate,Neither Accurate Nor Inaccurate,Neither Accurate Nor Inaccurate,Neither Accurate Nor Inaccurate,Neither Accurate Nor Inaccurate,Moderately Inaccurate,Moderately Inaccurate,Moderately Inaccurate,Neither Accurate Nor Inaccurate,Neither Accurate Nor Inaccurate,Neither Accurate Nor Inaccurate,Neither Accurate Nor Inaccurate,Neither Accurate Nor Inaccurate,Neither Accurate Nor Inaccurate,Neither Accurate Nor Inaccurate,Neither Accurate Nor Inaccurate,Neither Accurate Nor Inaccurate,Neither Accurate Nor Inaccurate,Neither Accurate Nor Inaccurate,Neither Accurate Nor Inaccurate,Neither Accurate Nor Inaccurate,Neither Accurate Nor Inaccurate,Neither Accurate Nor Inaccurate,Neither Accurate Nor Inaccurate,Neither Accurate Nor Inaccurate
100,R_8hLC9uJOBIXb3e9,18 - 24,Female,A-Levels or equivalent (e.g. college),Honest,"{'Conscientiousness': 0.289, 'Extroversion': 0.211, 'Agreeableness': 0.198, 'Openness': 0.183, 'Neuroticism': 0.119}",,Neither Accurate Nor Inaccurate,Very Inaccurate,Moderately Accurate,Very Accurate,Neither Accurate Nor Inaccurate,Neither Accurate Nor Inaccurate,Moderately Accurate,Moderately Accurate,Moderately Inaccurate,Very Inaccurate,Neither Accurate Nor Inaccurate,Moderately Inaccurate,Moderately Accurate,Very Accurate,Very Accurate,Neither Accurate Nor Inaccurate,Moderately Accurate,Neither Accurate Nor Inaccurate,Moderately Inaccurate,Very Inaccurate,Moderately Accurate,Moderately Inaccurate,Moderately Inaccurate,Very Accurate,Moderately Accurate,Moderately Inaccurate,Very Accurate,Moderately Accurate,Moderately Accurate,Very Inaccurate,Moderately Inaccurate,Moderately Inaccurate,Moderately Accurate,Very Accurate,Moderately Accurate,Neither Accurate Nor Inaccurate,Moderately Accurate,Neither Accurate Nor Inaccurate,Moderately Accurate,Neither Accurate Nor Inaccurate,Moderately Accurate,Very Accurate,Neither Accurate Nor Inaccurate,Moderately Accurate,Moderately Accurate,Neither Accurate Nor Inaccurate,Neither Accurate Nor Inaccurate,Moderately Accurate,Moderately Accurate,Very Accurate
100,R_8ONARFhSYJjuYbP,18 - 24,Female,A-Levels or equivalent (e.g. college),Job,"{'Conscientiousness': 0.281, 'Agreeableness': 0.19, 'Extroversion': 0.188, 'Openness': 0.18, 'Neuroticism': 0.162}",,Moderately Inaccurate,Neither Accurate Nor Inaccurate,Moderately Accurate,Moderately Inaccurate,Moderately Accurate,Neither Accurate Nor Inaccurate,Very Inaccurate,Moderately Inaccurate,Neither Accurate Nor Inaccurate,Moderately Inaccurate,Moderately Inaccurate,Neither Accurate Nor Inaccurate,Moderately Accurate,Moderately Inaccurate,Very Accurate,Neither Accurate Nor Inaccurate,Moderately Inaccurate,Moderately Inaccurate,Neither Accurate Nor Inaccurate,Very Inaccurate,Moderately Inaccurate,Moderately Accurate,Neither Accurate Nor Inaccurate,Moderately Inaccurate,Moderately Accurate,Neither Accurate Nor Inaccurate,Moderately Accurate,Moderately Accurate,Moderately Inaccurate,Very Inaccurate,Moderately Inaccurate,Neither Accurate Nor Inaccurate,Moderately Accurate,Moderately Inaccurate,Moderately Accurate,Moderately Accurate,Neither Accurate Nor Inaccurate,Moderately Inaccurate,Moderately Inaccurate,Moderately Accurate,Neither Accurate Nor Inaccurate,Moderately Inaccurate,Neither Accurate Nor Inaccurate,Neither Accurate Nor Inaccurate,Moderately Accurate,Moderately Accurate,Moderately Inaccurate,Moderately Accurate,Moderately Inaccurate,Very Accurate
100,R_84U3m4q9Xjaa6WZ,18 - 24,Female,Master's (MA/MSc) or Doctorate (PhD),Job,"{'Extroversion': 0.224, 'Openness': 0.224, 'Agreeableness': 0.208, 'Neuroticism': 0.172, 'Conscientiousness': 0.172}",,Neither Accurate Nor Inaccurate,Very Inaccurate,Moderately Accurate,Moderately Accurate,Very Accurate,Neither Accurate Nor Inaccurate,Very Accurate,Moderately Accurate,Moderately Inaccurate,Very Inaccurate,Moderately Accurate,Very Inaccurate,Very Accurate,Very Accurate,Very Accurate,Moderately Inaccurate,Very Accurate,Moderately Inaccurate,Neither Accurate Nor Inaccurate,Very Inaccurate,Very Accurate,Very Inaccurate,Moderately Inaccurate,Neither Accurate Nor Inaccurate,Moderately Accurate,Moderately Inaccurate,Very Accurate,Moderately Accurate,Moderately Accurate,Very Inaccurate,Moderately Accurate,Very Inaccurate,Very Accurate,Moderately Accurate,Very Accurate,Neither Accurate Nor Inaccurate,Very Accurate,Moderately Inaccurate,Neither Accurate Nor Inaccurate,Very Accurate,Very Accurate,Very Accurate,Moderately Accurate,Moderately Accurate,Moderately Accurate,Moderately Accurate,Very Accurate,Moderately Inaccurate,Moderately Inaccurate,Moderately Accurate
100,R_8QthkkyYQgp79q0,18 - 24,Female,Prefer not to say,Honest,"{'Conscientiousness': 0.292, 'Extroversion': 0.207, 'Agreeableness': 0.2, 'Openness': 0.166, 'Neuroticism': 0.134}",,Very Inaccurate,Neither Accurate Nor Inaccurate,Neither Accurate Nor Inaccurate,Neither Accurate Nor Inaccurate,Neither Accurate Nor Inaccurate,Very Accurate,Moderately Inaccurate,Moderately Inaccurate,Moderately Accurate,Neither Accurate Nor Inaccurate,Moderately Inaccurate,Moderately Accurate,Very Accurate,Neither Accurate Nor Inaccurate,Neither Accurate Nor Inaccurate,Moderately Accurate,Moderately Accurate,Moderately Inaccurate,Neither Accurate Nor Inaccurate,Neither Accurate Nor Inaccurate,Neither Accurate Nor Inaccurate,Neither Accurate Nor Inaccurate,Neither Accurate Nor Inaccurate,Neither Accurate Nor Inaccurate,Neither Accurate Nor Inaccurate,Moderately Accurate,Moderately Accurate,Moderately Accurate,Neither Accurate Nor Inaccurate,Neither Accurate Nor Inaccurate,Very Inaccurate,Very Accurate,Neither Accurate Nor Inaccurate,Moderately Accurate,Moderately Accurate,Moderately Accurate,Neither Accurate Nor Inaccurate,Neither Accurate Nor Inaccurate,Neither Accurate Nor Inaccurate,Neither Accurate Nor Inaccurate,Very Inaccurate,Moderately Accurate,Moderately Inaccurate,Neither Accurate Nor Inaccurate,Neither Accurate Nor Inaccurate,Very Accurate,Neither Accurate Nor Inaccurate,Neither Accurate Nor Inaccurate,Neither Accurate Nor Inaccurate,Neither Accurate Nor Inaccurate
100,R_2wF5YswGKES8zlH,18 - 24,Female,A-Levels or equivalent (e.g. college),Job,"{'Extroversion': 0.229, 'Openness': 0.224, 'Agreeableness': 0.196, 'Conscientiousness': 0.186, 'Neuroticism': 0.165}",,Very Inaccurate,Very Inaccurate,Neither Accurate Nor Inaccurate,Very Accurate,Neither Accurate Nor Inaccurate,Very Accurate,Very Accurate,Moderately Inaccurate,Moderately Inaccurate,Neither Accurate Nor Inaccurate,Moderately Inaccurate,Moderately Inaccurate,Moderately Accurate,Very Accurate,Moderately Accurate,Very Accurate,Very Accurate,Moderately Accurate,Neither Accurate Nor Inaccurate,Neither Accurate Nor Inaccurate,Very Inaccurate,Moderately Accurate,Moderately Inaccurate,Very Accurate,Neither Accurate Nor Inaccurate,Very Inaccurate,Moderately Accurate,Neither Accurate Nor Inaccurate,Moderately Accurate,Moderately Inaccurate,Very Inaccurate,Very Inaccurate,Neither Accurate Nor Inaccurate,Neither Accurate Nor Inaccurate,Neither Accurate Nor Inaccurate,Very Accurate,Moderately Accurate,Moderately Inaccurate,Neither Accurate Nor Inaccurate,Neither Accurate Nor Inaccurate,Very Inaccurate,Very Accurate,Neither Accurate Nor Inaccurate,Neither Accurate Nor Inaccurate,Moderately Accurate,Very Accurate,Neither Accurate Nor Inaccurate,Neither Accurate Nor Inaccurate,Neither Accurate Nor Inaccurate,Moderately Inaccurate
100,R_2K71rTveqnzhxDe,18 - 24,Male,A-Levels or equivalent (e.g. college),Honest,"{'Conscientiousness': 0.26, 'Agreeableness': 0.211, 'Extroversion': 0.201, 'Openness': 0.18, 'Neuroticism': 0.148}",,Moderately Accurate,Moderately Inaccurate,Moderately Accurate,Neither Accurate Nor Inaccurate,Neither Accurate Nor Inaccurate,Moderately Accurate,Moderately Accurate,Moderately Accurate,Moderately Accurate,Moderately Inaccurate,Moderately Accurate,Very Inaccurate,Moderately Accurate,Moderately Accurate,Very Inaccurate,Neither Accurate Nor Inaccurate,Moderately Accurate,Moderately Inaccurate,Moderately Inaccurate,Moderately Accurate,Moderately Accurate,Moderately Accurate,Neither Accurate Nor Inaccurate,Moderately Accurate,Very Accurate,Moderately Inaccurate,Very Accurate,Moderately Inaccurate,Moderately Inaccurate,Very Inaccurate,Moderately Accurate,Moderately Accurate,Moderately Accurate,Neither Accurate Nor Inaccurate,Moderately Accurate,Neither Accurate Nor Inaccurate,Moderately Accurate,Neither Accurate Nor Inaccurate,Moderately Inaccurate,Neither Accurate Nor Inaccurate,Moderately Accurate,Very Accurate,Neither Accurate Nor Inaccurate,Moderately Accurate,Moderately Accurate,Neither Accurate Nor Inaccurate,Very Accurate,Moderately Accurate,Very Inaccurate,Moderately Accurate
100,R_22LVGRdOzL6tcRn,18 - 24,Female,A-Levels or equivalent (e.g. college),Job,"{'Conscientiousness': 0.296, 'Agreeableness': 0.214, 'Extroversion': 0.183, 'Openness': 0.17, 'Neuroticism': 0.137}",,Moderately Inaccurate,Moderately Inaccurate,Moderately Accurate,Moderately Accurate,Neither Accurate Nor Inaccurate,Neither Accurate Nor Inaccurate,Moderately Accurate,Moderately Inaccurate,Neither Accurate Nor Inaccurate,Moderately Inaccurate,Neither Accurate Nor Inaccurate,Very Inaccurate,Neither Accurate Nor Inaccurate,Moderately Accurate,Moderately Inaccurate,Moderately Inaccurate,Very Accurate,Moderately Inaccurate,,Moderately Inaccurate,Neither Accurate Nor Inaccurate,Moderately Inaccurate,Moderately Accurate,Moderately Accurate,Neither Accurate Nor Inaccurate,Moderately Inaccurate,Very Accurate,Very Inaccurate,Moderately Accurate,Neither Accurate Nor Inaccurate,Neither Accurate Nor Inaccurate,Neither Accurate Nor Inaccurate,Moderately Accurate,Neither Accurate Nor Inaccurate,Moderately Accurate,Moderately Accurate,Neither Accurate Nor Inaccurate,,Moderately Accurate,Neither Accurate Nor Inaccurate,Moderately Accurate,Very Accurate,Moderately Inaccurate,Moderately Accurate,Neither Accurate Nor Inaccurate,Moderately Accurate,Moderately Accurate,Neither Accurate Nor Inaccurate,,Neither Accurate Nor Inaccurate
100,R_2KeDtf78GsOYzKP,18 - 24,Female,Master's (MA/MSc) or Doctorate (PhD),Honest,"{'Extroversion': 0.221, 'Agreeableness': 0.216, 'Conscientiousness': 0.206, 'Openness': 0.195, 'Neuroticism': 0.162}",,Moderately Inaccurate,Moderately Accurate,Neither Accurate Nor Inaccurate,Very Accurate,Neither Accurate Nor Inaccurate,Moderately Accurate,Moderately Inaccurate,Neither Accurate Nor Inaccurate,Moderately Inaccurate,Moderately Inaccurate,Moderately Inaccurate,Very Inaccurate,Moderately Accurate,Moderately Accurate,Very Accurate,Neither Accurate Nor Inaccurate,Very Accurate,Moderately Inaccurate,Moderately Accurate,Very Inaccurate,Moderately Accurate,Moderately Inaccurate,Moderately Inaccurate,Moderately Accurate,Moderately Accurate,Neither Accurate Nor Inaccurate,Very Accurate,Moderately Inaccurate,Moderately Accurate,Very Inaccurate,Very Inaccurate,Very Inaccurate,Moderately Accurate,Moderately Accurate,Moderately Accurate,Moderately Accurate,Moderately Accurate,Moderately Inaccurate,Moderately Accurate,Moderately Inaccurate,Very Inaccurate,Neither Accurate Nor Inaccurate,Neither Accurate Nor Inaccurate,Neither Accurate Nor Inaccurate,Neither Accurate Nor Inaccurate,Neither Accurate Nor Inaccurate,Neither Accurate Nor Inaccurate,Neither Accurate Nor Inaccurate,Moderately Accurate,Neither Accurate Nor Inaccurate
100,R_8fIqth50DAIYY6H,25 - 34,Male,More than 5 GCSEs,Job,"{'Conscientiousness': 0.27, 'Extroversion': 0.219, 'Openness': 0.197, 'Agreeableness': 0.171, 'Neuroticism': 0.144}",,Moderately Accurate,Moderately Inaccurate,Very Accurate,Very Inaccurate,Very Accurate,Moderately Inaccurate,Moderately Accurate,Very Inaccurate,Very Accurate,Very Inaccurate,Moderately Accurate,Moderately Inaccurate,Moderately Accurate,Very Inaccurate,Moderately Inaccurate,Moderately Accurate,Moderately Accurate,Very Inaccurate,Very Inaccurate,Moderately Inaccurate,Very Accurate,Moderately Inaccurate,Very Inaccurate,Moderately Accurate,Neither Accurate Nor Inaccurate,Moderately Inaccurate,Very Inaccurate,Very Inaccurate,Very Inaccurate,Neither Accurate Nor Inaccurate,Moderately Inaccurate,Moderately Accurate,Moderately Accurate,Moderately Inaccurate,Moderately Accurate,Moderately Inaccurate,Moderately Accurate,Neither Accurate Nor Inaccurate,Moderately Accurate,Moderately Accurate,Moderately Accurate,Moderately Accurate,Very Accurate,Very Accurate,Very Accurate,Moderately Inaccurate,Moderately Accurate,Moderately Accurate,Very Inaccurate,Neither Accurate Nor Inaccurate
100,R_21YoXh7Ric7nNsl,55 - 64,Female,Master's (MA/MSc) or Doctorate (PhD),Honest,"{'Conscientiousness': 0.345, 'Agreeableness': 0.226, 'Openness': 0.146, 'Extroversion': 0.145, 'Neuroticism': 0.137}",,Moderately Inaccurate,Very Inaccurate,Moderately Accurate,Moderately Accurate,Moderately Accurate,Moderately Accurate,Moderately Accurate,Neither Accurate Nor Inaccurate,Neither Accurate Nor Inaccurate,Very Inaccurate,Moderately Accurate,Very Inaccurate,Very Accurate,Moderately Accurate,Moderately Accurate,Neither Accurate Nor Inaccurate,Moderately Accurate,Moderately Inaccurate,Moderately Accurate,Moderately Inaccurate,Moderately Accurate,Moderately Inaccurate,Neither Accurate Nor Inaccurate,Neither Accurate Nor Inaccurate,Neither Accurate Nor Inaccurate,Neither Accurate Nor Inaccurate,Moderately Accurate,Moderately Inaccurate,Neither Accurate Nor Inaccurate,Moderately Inaccurate,Neither Accurate Nor Inaccurate,Moderately Inaccurate,Moderately Accurate,Moderately Inaccurate,Moderately Accurate,Neither Accurate Nor Inaccurate,Moderately Accurate,Very Inaccurate,Moderately Inaccurate,Neither Accurate Nor Inaccurate,Moderately Inaccurate,Moderately Accurate,Moderately Inaccurate,Neither Accurate Nor Inaccurate,Moderately Accurate,Moderately Accurate,Neither Accurate Nor Inaccurate,Moderately Accurate,Moderately Inaccurate,Moderately Accurate
100,R_2iz2sFfj2xsnZRm,55 - 64,Female,More than 5 GCSEs,Job,"{'Extroversion': 0.223, 'Agreeableness': 0.218, 'Openness': 0.217, 'Neuroticism': 0.176, 'Conscientiousness': 0.165}",,Neither Accurate Nor Inaccurate,Very Accurate,Very Accurate,Neither Accurate Nor Inaccurate,Moderately Accurate,Moderately Accurate,Moderately Accurate,Moderately Inaccurate,Moderately Accurate,Very Inaccurate,Moderately Inaccurate,Very Inaccurate,Moderately Accurate,Neither Accurate Nor Inaccurate,Moderately Accurate,Moderately Accurate,Very Accurate,Moderately Inaccurate,Moderately Accurate,Very Inaccurate,Very Inaccurate,Moderately Inaccurate,Moderately Inaccurate,Very Inaccurate,Moderately Accurate,Moderately Inaccurate,Very Accurate,Neither Accurate Nor Inaccurate,Very Inaccurate,Very Inaccurate,Moderately Inaccurate,Very Inaccurate,Moderately Accurate,Moderately Inaccurate,Moderately Accurate,Moderately Accurate,Moderately Accurate,Moderately Inaccurate,Moderately Inaccurate,Neither Accurate Nor Inaccurate,Moderately Inaccurate,Very Accurate,Neither Accurate Nor Inaccurate,Moderately Inaccurate,Very Accurate,Very Accurate,Moderately Accurate,Moderately Accurate,Moderately Inaccurate,Very Accurate
100,R_2SqKoHxoi30vKIM,25 - 34,Female,"Bachelor's degree (BA, BSc, etc.) or equivalent",Honest,"{'Conscientiousness': 0.306, 'Agreeableness': 0.188, 'Openness': 0.179, 'Extroversion': 0.174, 'Neuroticism': 0.153}",,Neither Accurate Nor Inaccurate,Very Inaccurate,Moderately Accurate,Very Accurate,Moderately Accurate,Neither Accurate Nor Inaccurate,Neither Accurate Nor Inaccurate,Moderately Inaccurate,Neither Accurate Nor Inaccurate,Very Inaccurate,Neither Accurate Nor Inaccurate,Very Inaccurate,Very Accurate,Moderately Accurate,Very Accurate,Neither Accurate Nor Inaccurate,Moderately Accurate,Moderately Inaccurate,Neither Accurate Nor Inaccurate,Moderately Inaccurate,Neither Accurate Nor Inaccurate,Neither Accurate Nor Inaccurate,Very Accurate,Neither Accurate Nor Inaccurate,Neither Accurate Nor Inaccurate,Very Inaccurate,Very Accurate,Very Inaccurate,Moderately Accurate,Very Inaccurate,Neither Accurate Nor Inaccurate,Very Inaccurate,Very Accurate,Moderately Accurate,Moderately Accurate,Neither Accurate Nor Inaccurate,Neither Accurate Nor Inaccurate,Very Inaccurate,Moderately Accurate,Neither Accurate Nor Inaccurate,Neither Accurate Nor Inaccurate,Moderately Accurate,Neither Accurate Nor Inaccurate,Moderately Accurate,Very Accurate,Neither Accurate Nor Inaccurate,Moderately Accurate,Very Accurate,Neither Accurate Nor Inaccurate,Moderately Accurate
100,R_8l4cd6SjPfAkI7b,18 - 24,Female,Below 5 GCSEs,Honest,"{'Openness': 0.233, 'Agreeableness': 0.219, 'Extroversion': 0.212, 'Neuroticism': 0.181, 'Conscientiousness': 0.155}",,Moderately Accurate,Very Inaccurate,Moderately Inaccurate,Very Accurate,Moderately Accurate,Very Inaccurate,Very Accurate,Moderately Accurate,Very Inaccurate,Moderately Inaccurate,Moderately Accurate,Very Inaccurate,Very Accurate,Very Accurate,Very Accurate,Moderately Inaccurate,Very Accurate,Neither Accurate Nor Inaccurate,Very Inaccurate,Very Inaccurate,Very Accurate,Very Inaccurate,Moderately Accurate,Neither Accurate Nor Inaccurate,Very Inaccurate,Moderately Inaccurate,Very Accurate,Very Accurate,Moderately Accurate,Very Inaccurate,Very Accurate,Very Inaccurate,Moderately Accurate,Very Accurate,Neither Accurate Nor Inaccurate,Moderately Accurate,Very Accurate,Neither Accurate Nor Inaccurate,Very Accurate,Moderately Accurate,Very Accurate,Very Accurate,Very Accurate,Very Accurate,Very Accurate,Very Inaccurate,Very Accurate,Neither Accurate Nor Inaccurate,Very Accurate,Very Accurate
100,R_4jkBLr39mI79a9R,25 - 34,Male,"Bachelor's degree (BA, BSc, etc.) or equivalent",Job,"{'Conscientiousness': 0.293, 'Agreeableness': 0.196, 'Extroversion': 0.189, 'Openness': 0.186, 'Neuroticism': 0.136}",,Moderately Accurate,Very Inaccurate,Neither Accurate Nor Inaccurate,Moderately Accurate,Moderately Accurate,Neither Accurate Nor Inaccurate,Moderately Accurate,Moderately Inaccurate,Neither Accurate Nor Inaccurate,Neither Accurate Nor Inaccurate,Moderately Inaccurate,Very Inaccurate,Moderately Accurate,Moderately Accurate,Neither Accurate Nor Inaccurate,Moderately Accurate,Very Accurate,Very Inaccurate,Moderately Accurate,Neither Accurate Nor Inaccurate,Very Accurate,Moderately Accurate,Moderately Accurate,Moderately Accurate,Very Accurate,Neither Accurate Nor Inaccurate,Moderately Accurate,Very Inaccurate,Neither Accurate Nor Inaccurate,Neither Accurate Nor Inaccurate,Very Accurate,Moderately Inaccurate,Moderately Accurate,Moderately Accurate,Neither Accurate Nor Inaccurate,Moderately Accurate,Moderately Inaccurate,Moderately Inaccurate,Moderately Inaccurate,Moderately Inaccurate,Very Accurate,Moderately Accurate,Neither Accurate Nor Inaccurate,Neither Accurate Nor Inaccurate,Very Accurate,Moderately Inaccurate,Very Accurate,Moderately Accurate,Moderately Inaccurate,Moderately Accurate
100,R_41aJ7JUJGVUsIbw,25 - 34,Female,"Bachelor's degree (BA, BSc, etc.) or equivalent",Job,"{'Conscientiousness': 0.285, 'Extroversion': 0.209, 'Agreeableness': 0.185, 'Openness': 0.172, 'Neuroticism': 0.149}",,Neither Accurate Nor Inaccurate,Very Inaccurate,Very Accurate,Neither Accurate Nor Inaccurate,Moderately Accurate,Moderately Inaccurate,Moderately Accurate,Moderately Inaccurate,Neither Accurate Nor Inaccurate,Very Inaccurate,Moderately Accurate,Very Inaccurate,Moderately Accurate,Very Accurate,Very Accurate,Moderately Inaccurate,Very Accurate,Very Inaccurate,Very Inaccurate,Very Inaccurate,Moderately Accurate,Very Inaccurate,Neither Accurate Nor Inaccurate,Moderately Accurate,Moderately Accurate,Very Inaccurate,Moderately Accurate,Moderately Inaccurate,Neither Accurate Nor Inaccurate,Very Inaccurate,Neither Accurate Nor Inaccurate,Very Inaccurate,Very Accurate,Moderately Inaccurate,Moderately Accurate,Neither Accurate Nor Inaccurate,Very Accurate,Neither Accurate Nor Inaccurate,Neither Accurate Nor Inaccurate,Moderately Accurate,Moderately Accurate,Very Accurate,Very Accurate,Moderately Accurate,Very Accurate,Neither Accurate Nor Inaccurate,Very Accurate,Very Accurate,Moderately Accurate,Very Accurate
100,R_2pM3v0eX8j2aRbz,18 - 24,Male,A-Levels or equivalent (e.g. college),Job,"{'Conscientiousness': 0.256, 'Openness': 0.195, 'Agreeableness': 0.186, 'Extroversion': 0.185, 'Neuroticism': 0.177}",,Moderately Accurate,Moderately Inaccurate,Very Accurate,Very Inaccurate,Moderately Accurate,Very Inaccurate,Moderately Accurate,Moderately Accurate,Moderately Accurate,Moderately Inaccurate,Moderately Accurate,Moderately Inaccurate,Moderately Accurate,Moderately Inaccurate,Moderately Accurate,Moderately Accurate,Neither Accurate Nor Inaccurate,Moderately Accurate,Neither Accurate Nor Inaccurate,Moderately Inaccurate,Very Accurate,Moderately Accurate,Moderately Accurate,Moderately Accurate,Very Accurate,Very Inaccurate,Moderately Accurate,Neither Accurate Nor Inaccurate,Moderately Inaccurate,Very Inaccurate,Neither Accurate Nor Inaccurate,Moderately Inaccurate,Moderately Accurate,Moderately Inaccurate,Moderately Accurate,Moderately Inaccurate,Moderately Accurate,Moderately Inaccurate,Moderately Inaccurate,Moderately Accurate,Moderately Accurate,Moderately Accurate,Moderately Accurate,Moderately Accurate,Moderately Accurate,Moderately Inaccurate,Very Accurate,Neither Accurate Nor Inaccurate,Moderately Inaccurate,Moderately Accurate
100,R_85KFj7teOO8Gc3T,25 - 34,Male,"Bachelor's degree (BA, BSc, etc.) or equivalent",Honest,"{'Conscientiousness': 0.299, 'Agreeableness': 0.196, 'Extroversion': 0.193, 'Openness': 0.175, 'Neuroticism': 0.136}",,Neither Accurate Nor Inaccurate,Very Inaccurate,Moderately Accurate,Moderately Accurate,Neither Accurate Nor Inaccurate,Moderately Inaccurate,Very Accurate,Moderately Accurate,Neither Accurate Nor Inaccurate,Moderately Inaccurate,Moderately Accurate,Moderately Inaccurate,Moderately Accurate,Very Accurate,Moderately Accurate,Neither Accurate Nor Inaccurate,Very Accurate,Moderately Accurate,Very Inaccurate,Very Inaccurate,Moderately Accurate,Very Inaccurate,Very Inaccurate,Moderately Inaccurate,Neither Accurate Nor Inaccurate,Moderately Inaccurate,Very Accurate,Moderately Accurate,Neither Accurate Nor Inaccurate,Moderately Inaccurate,Moderately Accurate,Very Inaccurate,Neither Accurate Nor Inaccurate,Moderately Accurate,Moderately Accurate,Moderately Accurate,Very Accurate,Moderately Accurate,Neither Accurate Nor Inaccurate,Moderately Inaccurate,Moderately Accurate,Very Accurate,Moderately Inaccurate,Moderately Accurate,Moderately Accurate,Moderately Accurate,Moderately Accurate,Moderately Inaccurate,Moderately Accurate,Moderately Accurate
100,R_2J467Lw9zihFNEo,25 - 34,Male,"Bachelor's degree (BA, BSc, etc.) or equivalent",Honest,"{'Conscientiousness': 0.292, 'Openness': 0.193, 'Agreeableness': 0.19, 'Neuroticism': 0.166, 'Extroversion': 0.159}",,Moderately Accurate,Moderately Inaccurate,Neither Accurate Nor Inaccurate,Neither Accurate Nor Inaccurate,Moderately Accurate,Moderately Inaccurate,Very Accurate,Moderately Accurate,Neither Accurate Nor Inaccurate,Very Inaccurate,Very Accurate,Very Inaccurate,Very Accurate,Moderately Accurate,Moderately Accurate,Moderately Inaccurate,Very Accurate,Neither Accurate Nor Inaccurate,Neither Accurate Nor Inaccurate,Very Inaccurate,Very Accurate,Moderately Inaccurate,Moderately Inaccurate,Moderately Accurate,Very Accurate,Very Inaccurate,Neither Accurate Nor Inaccurate,Neither Accurate Nor Inaccurate,Moderately Accurate,Very Inaccurate,Very Accurate,Moderately Inaccurate,Moderately Accurate,Moderately Accurate,Very Accurate,Neither Accurate Nor Inaccurate,Moderately Accurate,Moderately Inaccurate,Moderately Accurate,Very Accurate,Very Accurate,Moderately Accurate,Moderately Accurate,Moderately Accurate,Very Accurate,Very Inaccurate,Moderately Accurate,Moderately Accurate,Neither Accurate Nor Inaccurate,Very Accurate
100,R_21gzZj1RIh38qrz,55 - 64,Female,,Job,"{'Conscientiousness': 0.233, 'Extroversion': 0.218, 'Agreeableness': 0.205, 'Openness': 0.195, 'Neuroticism': 0.149}",,Very Inaccurate,Very Inaccurate,Very Accurate,Neither Accurate Nor Inaccurate,Moderately Accurate,Neither Accurate Nor Inaccurate,Very Accurate,Neither Accurate Nor Inaccurate,Moderately Accurate,Very Accurate,Moderately Accurate,Very Inaccurate,Very Accurate,Moderately Accurate,Very Accurate,Very Accurate,Very Accurate,Very Inaccurate,Neither Accurate Nor Inaccurate,Neither Accurate Nor Inaccurate,Moderately Inaccurate,Very Inaccurate,Very Inaccurate,Very Accurate,Moderately Accurate,Neither Accurate Nor Inaccurate,Very Accurate,Neither Accurate Nor Inaccurate,Moderately Accurate,Neither Accurate Nor Inaccurate,Very Inaccurate,Very Inaccurate,Very Accurate,Very Inaccurate,Neither Accurate Nor Inaccurate,Very Accurate,Very Accurate,Very Inaccurate,Very Inaccurate,Moderately Accurate,Very Inaccurate,Very Accurate,Moderately Accurate,Neither Accurate Nor Inaccurate,Very Accurate,Very Accurate,Moderately Accurate,Very Accurate,Moderately Accurate,Moderately Accurate
100,R_2gcJK5IfMTTOKzT,25 - 34,Female,"Bachelor's degree (BA, BSc, etc.) or equivalent",Job,"{'Conscientiousness': 0.29, 'Agreeableness': 0.213, 'Extroversion': 0.178, 'Openness': 0.16, 'Neuroticism': 0.158}",,Moderately Accurate,Very Inaccurate,Moderately Accurate,Very Accurate,Moderately Accurate,Neither Accurate Nor Inaccurate,Moderately Accurate,Very Accurate,Moderately Inaccurate,Neither Accurate Nor Inaccurate,Moderately Inaccurate,Very Inaccurate,Moderately Accurate,Moderately Accurate,Moderately Accurate,Moderately Accurate,Moderately Accurate,Moderately Inaccurate,Moderately Accurate,Very Inaccurate,Very Inaccurate,Moderately Inaccurate,Moderately Inaccurate,Moderately Accurate,Neither Accurate Nor Inaccurate,Moderately Accurate,Moderately Accurate,Moderately Inaccurate,Moderately Accurate,Moderately Inaccurate,Moderately Inaccurate,Moderately Inaccurate,Neither Accurate Nor Inaccurate,Moderately Accurate,Neither Accurate Nor Inaccurate,Very Accurate,Very Inaccurate,Moderately Accurate,Neither Accurate Nor Inaccurate,Moderately Inaccurate,Very Inaccurate,Moderately Accurate,Very Inaccurate,Very Accurate,Moderately Accurate,Moderately Accurate,Moderately Inaccurate,Neither Accurate Nor Inaccurate,Moderately Inaccurate,Neither Accurate Nor Inaccurate
100,R_2qkub9vRpQ2fwU2,55 - 64,Female,Below 5 GCSEs,Honest,"{'Agreeableness': 0.217, 'Openness': 0.213, 'Conscientiousness': 0.198, 'Neuroticism': 0.191, 'Extroversion': 0.181}",,Neither Accurate Nor Inaccurate,Moderately Accurate,Neither Accurate Nor Inaccurate,Very Inaccurate,Moderately Inaccurate,Very Inaccurate,Very Accurate,Very Accurate,Moderately Accurate,Neither Accurate Nor Inaccurate,Moderately Accurate,Moderately Accurate,Moderately Accurate,Neither Accurate Nor Inaccurate,Very Accurate,Moderately Accurate,Very Accurate,Very Inaccurate,Moderately Inaccurate,Moderately Accurate,Moderately Accurate,Neither Accurate Nor Inaccurate,Very Accurate,Neither Accurate Nor Inaccurate,Neither Accurate Nor Inaccurate,Very Inaccurate,Very Accurate,Moderately Accurate,Neither Accurate Nor Inaccurate,Neither Accurate Nor Inaccurate,Very Inaccurate,Neither Accurate Nor Inaccurate,Moderately Accurate,Neither Accurate Nor Inaccurate,Moderately Accurate,Moderately Inaccurate,Neither Accurate Nor Inaccurate,Very Inaccurate,Very Inaccurate,Very Inaccurate,Moderately Inaccurate,Very Inaccurate,Neither Accurate Nor Inaccurate,Neither Accurate Nor Inaccurate,Very Inaccurate,Moderately Inaccurate,Neither Accurate Nor Inaccurate,Neither Accurate Nor Inaccurate,Very Inaccurate,Neither Accurate Nor Inaccurate
100,R_2kSu83lCvHVg4Ck,55 - 64,Female,"Bachelor's degree (BA, BSc, etc.) or equivalent",Honest,"{'Extroversion': 0.216, 'Openness': 0.212, 'Agreeableness': 0.21, 'Conscientiousness': 0.187, 'Neuroticism': 0.175}",,Moderately Accurate,Very Inaccurate,Moderately Accurate,Moderately Accurate,Very Accurate,Very Inaccurate,Moderately Accurate,Moderately Inaccurate,Moderately Inaccurate,Very Inaccurate,Moderately Accurate,Neither Accurate Nor Inaccurate,Moderately Accurate,Moderately Accurate,Very Accurate,Moderately Inaccurate,Very Accurate,Neither Accurate Nor Inaccurate,Moderately Inaccurate,Moderately Inaccurate,Very Accurate,Very Inaccurate,Moderately Accurate,Moderately Inaccurate,Very Accurate,Very Inaccurate,Moderately Accurate,Moderately Inaccurate,Neither Accurate Nor Inaccurate,Very Inaccurate,Moderately Accurate,Moderately Inaccurate,Moderately Accurate,Neither Accurate Nor Inaccurate,Very Accurate,Neither Accurate Nor Inaccurate,Very Accurate,Very Inaccurate,Neither Accurate Nor Inaccurate,Moderately Accurate,Neither Accurate Nor Inaccurate,Moderately Accurate,Neither Accurate Nor Inaccurate,Very Accurate,Moderately Inaccurate,Moderately Inaccurate,Moderately Accurate,Moderately Accurate,Moderately Accurate,Very Accurate
100,R_8S1Ov0HcR68N6Ho,75 - 84,Female,A-Levels or equivalent (e.g. college),Job,"{'Agreeableness': 0.226, 'Openness': 0.224, 'Neuroticism': 0.193, 'Conscientiousness': 0.179, 'Extroversion': 0.178}",,Neither Accurate Nor Inaccurate,Moderately Inaccurate,Moderately Inaccurate,Moderately Accurate,Moderately Accurate,Moderately Inaccurate,Very Accurate,Moderately Inaccurate,Moderately Accurate,Moderately Inaccurate,Very Accurate,Very Inaccurate,Very Inaccurate,Moderately Accurate,Neither Accurate Nor Inaccurate,Moderately Inaccurate,Moderately Accurate,Moderately Accurate,Moderately Inaccurate,Neither Accurate Nor Inaccurate,Moderately Accurate,Moderately Inaccurate,Very Inaccurate,Moderately Accurate,Neither Accurate Nor Inaccurate,Very Inaccurate,Neither Accurate Nor Inaccurate,Moderately Inaccurate,Moderately Inaccurate,Neither Accurate Nor Inaccurate,Moderately Inaccurate,Moderately Inaccurate,Moderately Accurate,Moderately Inaccurate,Neither Accurate Nor Inaccurate,Moderately Inaccurate,Moderately Inaccurate,Neither Accurate Nor Inaccurate,Very Inaccurate,Neither Accurate Nor Inaccurate,Moderately Inaccurate,Moderately Accurate,Moderately Inaccurate,Very Inaccurate,Moderately Inaccurate,Neither Accurate Nor Inaccurate,Moderately Accurate,Moderately Accurate,Moderately Accurate,Moderately Inaccurate
100,R_8eQnLEPXQv4X6qX,75 - 84,Female,Below 5 GCSEs,Job,"{'Agreeableness': 0.223, 'Openness': 0.211, 'Extroversion': 0.209, 'Neuroticism': 0.199, 'Conscientiousness': 0.158}",,Neither Accurate Nor Inaccurate,Very Accurate,Moderately Accurate,Moderately Accurate,Moderately Accurate,Moderately Accurate,Very Accurate,Moderately Accurate,Neither Accurate Nor Inaccurate,Moderately Accurate,Neither Accurate Nor Inaccurate,Moderately Accurate,Neither Accurate Nor Inaccurate,Very Accurate,Moderately Accurate,Neither Accurate Nor Inaccurate,Moderately Accurate,Moderately Inaccurate,Moderately Inaccurate,Moderately Accurate,Moderately Accurate,Very Inaccurate,Neither Accurate Nor Inaccurate,Moderately Accurate,Neither Accurate Nor Inaccurate,Moderately Inaccurate,Moderately Accurate,Moderately Accurate,Moderately Accurate,Moderately Inaccurate,Neither Accurate Nor Inaccurate,Very Inaccurate,Neither Accurate Nor Inaccurate,Neither Accurate Nor Inaccurate,Neither Accurate Nor Inaccurate,Moderately Accurate,Moderately Accurate,Moderately Inaccurate,Neither Accurate Nor Inaccurate,Moderately Inaccurate,Neither Accurate Nor Inaccurate,Moderately Accurate,Moderately Accurate,Moderately Accurate,Moderately Accurate,Neither Accurate Nor Inaccurate,Neither Accurate Nor Inaccurate,Moderately Inaccurate,Moderately Accurate,Moderately Accurate
100,R_8PdklQlkiAxEnbY,25 - 34,Female,"Bachelor's degree (BA, BSc, etc.) or equivalent",Honest,"{'Conscientiousness': 0.303, 'Agreeableness': 0.192, 'Extroversion': 0.192, 'Openness': 0.175, 'Neuroticism': 0.139}",,Moderately Inaccurate,Moderately Inaccurate,Moderately Accurate,Moderately Inaccurate,Neither Accurate Nor Inaccurate,Neither Accurate Nor Inaccurate,Moderately Accurate,Moderately Accurate,Moderately Accurate,Moderately Inaccurate,Moderately Accurate,Very Inaccurate,Moderately Accurate,Moderately Accurate,Moderately Accurate,Moderately Accurate,Very Accurate,Moderately Inaccurate,Moderately Inaccurate,Very Inaccurate,Moderately Inaccurate,Moderately Inaccurate,Moderately Inaccurate,Moderately Inaccurate,Neither Accurate Nor Inaccurate,Moderately Inaccurate,Moderately Accurate,Moderately Inaccurate,Moderately Inaccurate,Moderately Inaccurate,Neither Accurate Nor Inaccurate,Moderately Inaccurate,Moderately Accurate,Moderately Inaccurate,Very Accurate,Very Inaccurate,Moderately Accurate,Very Inaccurate,Moderately Inaccurate,Moderately Inaccurate,Moderately Inaccurate,Moderately Inaccurate,Moderately Accurate,Moderately Accurate,Moderately Accurate,Moderately Accurate,Moderately Accurate,Moderately Accurate,Moderately Accurate,Neither Accurate Nor Inaccurate
100,R_8bToWe4079HqGIh,55 - 64,Male,A-Levels or equivalent (e.g. college),Job,"{'Conscientiousness': 0.23, 'Agreeableness': 0.218, 'Extroversion': 0.198, 'Openness': 0.179, 'Neuroticism': 0.175}",,Moderately Accurate,Very Inaccurate,Neither Accurate Nor Inaccurate,Neither Accurate Nor Inaccurate,Moderately Accurate,Moderately Inaccurate,Moderately Accurate,Moderately Accurate,Moderately Accurate,Neither Accurate Nor Inaccurate,Moderately Accurate,Neither Accurate Nor Inaccurate,Neither Accurate Nor Inaccurate,Neither Accurate Nor Inaccurate,Moderately Accurate,Moderately Inaccurate,Moderately Accurate,Neither Accurate Nor Inaccurate,Moderately Inaccurate,Neither Accurate Nor Inaccurate,Moderately Accurate,Moderately Inaccurate,Very Inaccurate,Moderately Accurate,Moderately Accurate,Moderately Inaccurate,Neither Accurate Nor Inaccurate,Moderately Accurate,Neither Accurate Nor Inaccurate,Very Inaccurate,Moderately Accurate,Moderately Inaccurate,Neither Accurate Nor Inaccurate,Neither Accurate Nor Inaccurate,Moderately Accurate,Neither Accurate Nor Inaccurate,Moderately Accurate,Neither Accurate Nor Inaccurate,Moderately Inaccurate,Moderately Accurate,Neither Accurate Nor Inaccurate,Moderately Accurate,Neither Accurate Nor Inaccurate,Moderately Accurate,Neither Accurate Nor Inaccurate,Moderately Inaccurate,Moderately Accurate,Neither Accurate Nor Inaccurate,Moderately Inaccurate,Moderately Accurate
100,R_2xEFJWRKdUrXlpn,18 - 24,Female,"Bachelor's degree (BA, BSc, etc.) or equivalent",Honest,"{'Conscientiousness': 0.331, 'Agreeableness': 0.219, 'Extroversion': 0.152, 'Openness': 0.152, 'Neuroticism': 0.145}",,Neither Accurate Nor Inaccurate,Moderately Inaccurate,Moderately Accurate,Very Accurate,Neither Accurate Nor Inaccurate,Moderately Inaccurate,Neither Accurate Nor Inaccurate,Very Inaccurate,Neither Accurate Nor Inaccurate,Moderately Inaccurate,Neither Accurate Nor Inaccurate,Moderately Inaccurate,Moderately Accurate,Very Accurate,Moderately Accurate,Moderately Inaccurate,Moderately Accurate,Moderately Inaccurate,Moderately Accurate,Very Inaccurate,Moderately Accurate,Moderately Inaccurate,Moderately Inaccurate,Neither Accurate Nor Inaccurate,Moderately Accurate,Moderately Inaccurate,Neither Accurate Nor Inaccurate,Moderately Inaccurate,Very Accurate,Moderately Inaccurate,Moderately Accurate,Moderately Inaccurate,Neither Accurate Nor Inaccurate,Moderately Accurate,Neither Accurate Nor Inaccurate,Neither Accurate Nor Inaccurate,Moderately Accurate,Neither Accurate Nor Inaccurate,Moderately Accurate,Neither Accurate Nor Inaccurate,Neither Accurate Nor Inaccurate,Neither Accurate Nor Inaccurate,Moderately Inaccurate,Very Accurate,Very Accurate,Neither Accurate Nor Inaccurate,Neither Accurate Nor Inaccurate,Moderately Accurate,Neither Accurate Nor Inaccurate,Neither Accurate Nor Inaccurate
100,R_2iQAKpVmSlEQneh,55 - 64,Female,More than 5 GCSEs,Job,"{'Conscientiousness': 0.317, 'Agreeableness': 0.194, 'Extroversion': 0.187, 'Openness': 0.166, 'Neuroticism': 0.136}",,Very Inaccurate,Neither Accurate Nor Inaccurate,Moderately Accurate,Moderately Accurate,Neither Accurate Nor Inaccurate,Neither Accurate Nor Inaccurate,Neither Accurate Nor Inaccurate,Moderately Inaccurate,Neither Accurate Nor Inaccurate,Moderately Accurate,Moderately Inaccurate,Moderately Inaccurate,Moderately Accurate,Moderately Accurate,Neither Accurate Nor Inaccurate,Moderately Accurate,Moderately Accurate,Neither Accurate Nor Inaccurate,Neither Accurate Nor Inaccurate,Moderately Inaccurate,Moderately Inaccurate,Moderately Inaccurate,Very Inaccurate,Neither Accurate Nor Inaccurate,Neither Accurate Nor Inaccurate,Moderately Accurate,Moderately Accurate,Moderately Inaccurate,Moderately Inaccurate,Moderately Accurate,Moderately Inaccurate,Moderately Inaccurate,Moderately Accurate,Neither Accurate Nor Inaccurate,Moderately Accurate,Moderately Accurate,Moderately Accurate,Moderately Accurate,Neither Accurate Nor Inaccurate,Moderately Inaccurate,Moderately Inaccurate,Neither Accurate Nor Inaccurate,Moderately Accurate,Moderately Accurate,Very Accurate,Moderately Accurate,Neither Accurate Nor Inaccurate,Moderately Accurate,Neither Accurate Nor Inaccurate,Moderately Inaccurate
100,R_8aWBVclJHj8gwik,18 - 24,Male,A-Levels or equivalent (e.g. college),Job,"{'Conscientiousness': 0.264, 'Openness': 0.206, 'Extroversion': 0.194, 'Agreeableness': 0.183, 'Neuroticism': 0.154}",,Neither Accurate Nor Inaccurate,Moderately Inaccurate,Moderately Accurate,Very Inaccurate,Very Accurate,Neither Accurate Nor Inaccurate,Very Accurate,Moderately Inaccurate,Neither Accurate Nor Inaccurate,Very Inaccurate,Moderately Accurate,Very Inaccurate,Moderately Accurate,Moderately Inaccurate,Moderately Accurate,Moderately Inaccurate,Moderately Accurate,Moderately Inaccurate,Neither Accurate Nor Inaccurate,Very Inaccurate,Moderately Accurate,Moderately Inaccurate,Moderately Inaccurate,Neither Accurate Nor Inaccurate,Very Accurate,Moderately Inaccurate,Neither Accurate Nor Inaccurate,Neither Accurate Nor Inaccurate,Neither Accurate Nor Inaccurate,Very Inaccurate,Neither Accurate Nor Inaccurate,Moderately Inaccurate,Moderately Accurate,Very Inaccurate,Moderately Accurate,Neither Accurate Nor Inaccurate,Moderately Accurate,Moderately Inaccurate,Very Inaccurate,Moderately Accurate,Very Accurate,Moderately Accurate,Neither Accurate Nor Inaccurate,Moderately Inaccurate,Very Accurate,Moderately Accurate,Very Accurate,Moderately Accurate,Neither Accurate Nor Inaccurate,Very Accurate
100,R_2BLyZ3e6w1gHRKh,18 - 24,Female,Prefer not to say,Honest,"{'Conscientiousness': 0.324, 'Agreeableness': 0.227, 'Extroversion': 0.165, 'Openness': 0.161, 'Neuroticism': 0.123}",,Neither Accurate Nor Inaccurate,Neither Accurate Nor Inaccurate,Neither Accurate Nor Inaccurate,Moderately Accurate,Moderately Accurate,Moderately Inaccurate,Neither Accurate Nor Inaccurate,Moderately Inaccurate,Moderately Accurate,Moderately Inaccurate,Moderately Accurate,Neither Accurate Nor Inaccurate,Moderately Accurate,Moderately Accurate,Neither Accurate Nor Inaccurate,Moderately Inaccurate,Moderately Accurate,Neither Accurate Nor Inaccurate,Neither Accurate Nor Inaccurate,Moderately Inaccurate,Moderately Accurate,Moderately Inaccurate,Moderately Inaccurate,Moderately Accurate,Moderately Accurate,Moderately Inaccurate,Neither Accurate Nor Inaccurate,Neither Accurate Nor Inaccurate,Moderately Inaccurate,Moderately Inaccurate,Moderately Accurate,Neither Accurate Nor Inaccurate,Neither Accurate Nor Inaccurate,Moderately Accurate,Moderately Accurate,Moderately Accurate,Moderately Accurate,Neither Accurate Nor Inaccurate,Moderately Accurate,Neither Accurate Nor Inaccurate,Neither Accurate Nor Inaccurate,Moderately Accurate,Moderately Inaccurate,Moderately Accurate,Moderately Accurate,Neither Accurate Nor Inaccurate,Moderately Accurate,Neither Accurate Nor Inaccurate,Neither Accurate Nor Inaccurate,Moderately Accurate
100,R_2ablqMthz4rYGyX,25 - 34,Female,Below 5 GCSEs,Job,"{'Extroversion': 0.228, 'Openness': 0.213, 'Agreeableness': 0.209, 'Conscientiousness': 0.176, 'Neuroticism': 0.173}",,Moderately Inaccurate,Moderately Inaccurate,Very Accurate,Very Accurate,Moderately Accurate,Moderately Accurate,Neither Accurate Nor Inaccurate,Moderately Inaccurate,Moderately Inaccurate,Neither Accurate Nor Inaccurate,Moderately Inaccurate,Moderately Inaccurate,Very Accurate,Very Accurate,Very Accurate,Moderately Accurate,Very Accurate,Very Inaccurate,Moderately Inaccurate,Moderately Inaccurate,Moderately Inaccurate,Moderately Inaccurate,Moderately Accurate,Moderately Accurate,Moderately Accurate,Moderately Accurate,Very Accurate,Very Inaccurate,Very Accurate,Moderately Inaccurate,Neither Accurate Nor Inaccurate,Moderately Inaccurate,Very Accurate,Moderately Accurate,Neither Accurate Nor Inaccurate,Very Accurate,Moderately Accurate,Moderately Inaccurate,Moderately Accurate,Moderately Accurate,Very Inaccurate,Moderately Accurate,Very Accurate,Very Accurate,Very Accurate,Very Accurate,Moderately Accurate,Moderately Accurate,Neither Accurate Nor Inaccurate,Neither Accurate Nor Inaccurate
100,R_8IoNVDslkPzvQ2Z,25 - 34,Male,More than 5 GCSEs,Job,"{'Conscientiousness': 0.262, 'Extroversion': 0.222, 'Openness': 0.191, 'Agreeableness': 0.185, 'Neuroticism': 0.14}",,Moderately Accurate,Moderately Inaccurate,Moderately Inaccurate,Neither Accurate Nor Inaccurate,Neither Accurate Nor Inaccurate,Moderately Inaccurate,Moderately Accurate,Moderately Accurate,Neither Accurate Nor Inaccurate,Neither Accurate Nor Inaccurate,Moderately Accurate,Moderately Inaccurate,Moderately Accurate,Neither Accurate Nor Inaccurate,Very Inaccurate,Neither Accurate Nor Inaccurate,Neither Accurate Nor Inaccurate,Neither Accurate Nor Inaccurate,Neither Accurate Nor Inaccurate,Neither Accurate Nor Inaccurate,Neither Accurate Nor Inaccurate,Neither Accurate Nor Inaccurate,Very Inaccurate,Very Accurate,Moderately Inaccurate,Moderately Inaccurate,Moderately Accurate,Moderately Inaccurate,Moderately Inaccurate,Very Accurate,Moderately Accurate,Moderately Inaccurate,Neither Accurate Nor Inaccurate,Moderately Accurate,Moderately Inaccurate,Neither Accurate Nor Inaccurate,Neither Accurate Nor Inaccurate,Moderately Accurate,Moderately Inaccurate,Neither Accurate Nor Inaccurate,Moderately Accurate,Neither Accurate Nor Inaccurate,Neither Accurate Nor Inaccurate,Moderately Inaccurate,Very Accurate,Neither Accurate Nor Inaccurate,Moderately Accurate,Moderately Accurate,Neither Accurate Nor Inaccurate,Moderately Inaccurate
100,R_2gHF8tgbK1QYpwJ,18 - 24,Female,Master's (MA/MSc) or Doctorate (PhD),Honest,"{'Extroversion': 0.236, 'Openness': 0.235, 'Agreeableness': 0.207, 'Conscientiousness': 0.168, 'Neuroticism': 0.154}",,Neither Accurate Nor Inaccurate,Moderately Inaccurate,Moderately Inaccurate,Moderately Accurate,Neither Accurate Nor Inaccurate,Moderately Inaccurate,Moderately Accurate,Neither Accurate Nor Inaccurate,Moderately Inaccurate,Moderately Inaccurate,Moderately Accurate,Moderately Accurate,Moderately Accurate,Moderately Accurate,Moderately Accurate,Neither Accurate Nor Inaccurate,Moderately Accurate,Moderately Accurate,Moderately Accurate,Moderately Inaccurate,Moderately Accurate,Moderately Inaccurate,Neither Accurate Nor Inaccurate,Neither Accurate Nor Inaccurate,Moderately Accurate,Moderately Inaccurate,Neither Accurate Nor Inaccurate,Neither Accurate Nor Inaccurate,Neither Accurate Nor Inaccurate,Moderately Inaccurate,Moderately Accurate,Moderately Inaccurate,Moderately Accurate,Moderately Accurate,Moderately Accurate,Moderately Inaccurate,Moderately Accurate,Neither Accurate Nor Inaccurate,Neither Accurate Nor Inaccurate,Neither Accurate Nor Inaccurate,Moderately Inaccurate,Moderately Accurate,Neither Accurate Nor Inaccurate,Moderately Accurate,Moderately Accurate,Moderately Inaccurate,Moderately Accurate,Neither Accurate Nor Inaccurate,Moderately Inaccurate,Moderately Accurate
95,R_2N2lJA8WuUvDVSk,35 - 44,Female,"Bachelor's degree (BA, BSc, etc.) or equivalent",Honest,"{'Conscientiousness': 0.294, 'Agreeableness': 0.197, 'Extroversion': 0.186, 'Openness': 0.163, 'Neuroticism': 0.161}",,Moderately Accurate,Very Inaccurate,Moderately Accurate,Moderately Accurate,Moderately Accurate,Very Inaccurate,Very Accurate,Very Accurate,Moderately Inaccurate,Moderately Accurate,Very Accurate,Moderately Inaccurate,Moderately Accurate,Moderately Inaccurate,Moderately Inaccurate,Moderately Inaccurate,Moderately Accurate,Moderately Inaccurate,Very Inaccurate,Moderately Inaccurate,Very Accurate,Very Inaccurate,Very Accurate,Moderately Inaccurate,Very Accurate,Very Inaccurate,Very Accurate,Moderately Inaccurate,Moderately Inaccurate,Moderately Inaccurate,Moderately Accurate,Moderately Inaccurate,Moderately Accurate,Very Inaccurate,Moderately Accurate,Moderately Accurate,Moderately Accurate,Very Inaccurate,Very Inaccurate,Moderately Inaccurate,Very Accurate,Very Accurate,Very Accurate,Very Accurate,Very Accurate,Moderately Inaccurate,Moderately Inaccurate,Moderately Inaccurate,Very Inaccurate,Very Accurate
95,R_2dWJKl15hpbPOA4,35 - 44,Male,A-Levels or equivalent (e.g. college),Job,"{'Openness': 0.22, 'Agreeableness': 0.214, 'Extroversion': 0.2, 'Conscientiousness': 0.184, 'Neuroticism': 0.182}",,Moderately Inaccurate,Very Inaccurate,Moderately Accurate,Moderately Accurate,Moderately Accurate,Moderately Inaccurate,Very Accurate,Moderately Inaccurate,Moderately Inaccurate,Very Inaccurate,Moderately Accurate,Very Inaccurate,Moderately Accurate,Very Accurate,Moderately Inaccurate,Moderately Inaccurate,Very Accurate,Moderately Inaccurate,Moderately Inaccurate,Very Inaccurate,Neither Accurate Nor Inaccurate,Very Inaccurate,Moderately Inaccurate,Moderately Inaccurate,Moderately Accurate,Moderately Inaccurate,Very Accurate,Moderately Inaccurate,Moderately Accurate,Moderately Inaccurate,Moderately Accurate,Very Inaccurate,Very Accurate,Moderately Inaccurate,Very Accurate,Moderately Accurate,Very Accurate,Very Inaccurate,Moderately Inaccurate,Moderately Accurate,Neither Accurate Nor Inaccurate,Very Accurate,Moderately Inaccurate,Moderately Accurate,Moderately Accurate,Moderately Inaccurate,Moderately Accurate,Neither Accurate Nor Inaccurate,Moderately Inaccurate,Very Accurate
95,R_2CwtMNSY7x21w2s,45 - 54,Male,Below 5 GCSEs,Honest,"{'Conscientiousness': 0.263, 'Agreeableness': 0.193, 'Extroversion': 0.191, 'Openness': 0.19, 'Neuroticism': 0.163}",,Very Inaccurate,Moderately Accurate,Moderately Inaccurate,Moderately Accurate,Moderately Inaccurate,Moderately Accurate,Moderately Inaccurate,Very Inaccurate,Moderately Inaccurate,Moderately Inaccurate,Moderately Accurate,Moderately Accurate,Moderately Inaccurate,Moderately Accurate,Very Accurate,Moderately Accurate,Moderately Inaccurate,Moderately Accurate,Moderately Inaccurate,Moderately Inaccurate,Neither Accurate Nor Inaccurate,Very Accurate,Very Inaccurate,Moderately Inaccurate,Moderately Inaccurate,Moderately Accurate,Neither Accurate Nor Inaccurate,Very Inaccurate,Moderately Accurate,Moderately Inaccurate,Very Inaccurate,Moderately Accurate,Neither Accurate Nor Inaccurate,Moderately Inaccurate,Moderately Inaccurate,Moderately Accurate,Moderately Inaccurate,Neither Accurate Nor Inaccurate,Moderately Inaccurate,Neither Accurate Nor Inaccurate,Moderately Inaccurate,Moderately Accurate,Moderately Inaccurate,Moderately Inaccurate,Moderately Accurate,Very Accurate,Moderately Inaccurate,Moderately Inaccurate,Neither Accurate Nor Inaccurate,Neither Accurate Nor Inaccurate
100,R_8shwlv3bSbIL0jF,18 - 24,Female,"Bachelor's degree (BA, BSc, etc.) or equivalent",Honest,"{'Conscientiousness': 0.307, 'Agreeableness': 0.199, 'Extroversion': 0.187, 'Openness': 0.174, 'Neuroticism': 0.132}",,Moderately Inaccurate,Moderately Inaccurate,Very Accurate,Very Accurate,Neither Accurate Nor Inaccurate,Moderately Inaccurate,Moderately Accurate,Moderately Inaccurate,Moderately Inaccurate,Very Inaccurate,Moderately Accurate,Moderately Inaccurate,Moderately Accurate,Very Accurate,Very Accurate,Neither Accurate Nor Inaccurate,Moderately Accurate,Very Inaccurate,Moderately Inaccurate,Moderately Inaccurate,Moderately Accurate,Moderately Inaccurate,Very Inaccurate,Moderately Accurate,Moderately Accurate,Very Inaccurate,Very Accurate,Very Inaccurate,Moderately Accurate,Very Inaccurate,Neither Accurate Nor Inaccurate,Moderately Inaccurate,Moderately Accurate,Moderately Accurate,Moderately Accurate,Moderately Accurate,Neither Accurate Nor Inaccurate,Neither Accurate Nor Inaccurate,Moderately Accurate,Moderately Inaccurate,Moderately Inaccurate,Moderately Accurate,Neither Accurate Nor Inaccurate,Moderately Accurate,Neither Accurate Nor Inaccurate,Moderately Inaccurate,Moderately Accurate,Moderately Accurate,Moderately Inaccurate,Neither Accurate Nor Inaccurate
100,R_2LBCMXgpPZ4woU4,45 - 54,Female,Prefer not to say,Honest,"{'Conscientiousness': 0.265, 'Extroversion': 0.228, 'Agreeableness': 0.193, 'Openness': 0.177, 'Neuroticism': 0.136}",,Neither Accurate Nor Inaccurate,Moderately Inaccurate,Very Accurate,Very Accurate,Moderately Inaccurate,Neither Accurate Nor Inaccurate,Neither Accurate Nor Inaccurate,Very Inaccurate,Moderately Inaccurate,Moderately Accurate,Moderately Inaccurate,Neither Accurate Nor Inaccurate,Neither Accurate Nor Inaccurate,Very Accurate,Neither Accurate Nor Inaccurate,Neither Accurate Nor Inaccurate,Neither Accurate Nor Inaccurate,Very Inaccurate,Neither Accurate Nor Inaccurate,Neither Accurate Nor Inaccurate,Neither Accurate Nor Inaccurate,Neither Accurate Nor Inaccurate,Very Accurate,Neither Accurate Nor Inaccurate,Moderately Accurate,Moderately Inaccurate,Very Accurate,Very Inaccurate,Very Accurate,Neither Accurate Nor Inaccurate,Moderately Accurate,Neither Accurate Nor Inaccurate,Very Accurate,Moderately Accurate,Neither Accurate Nor Inaccurate,Neither Accurate Nor Inaccurate,Very Accurate,Neither Accurate Nor Inaccurate,Moderately Accurate,Moderately Inaccurate,Moderately Inaccurate,Neither Accurate Nor Inaccurate,Very Accurate,Very Accurate,Very Accurate,Moderately Inaccurate,Neither Accurate Nor Inaccurate,Neither Accurate Nor Inaccurate,Neither Accurate Nor Inaccurate,Moderately Accurate
95,R_2X9qZ5jWGI8s7IJ,25 - 34,Male,A-Levels or equivalent (e.g. college),Honest,"{'Conscientiousness': 0.269, 'Agreeableness': 0.223, 'Openness': 0.196, 'Extroversion': 0.175, 'Neuroticism': 0.136}",,Neither Accurate Nor Inaccurate,Moderately Inaccurate,Moderately Accurate,Moderately Inaccurate,Moderately Accurate,Very Accurate,Moderately Accurate,Very Accurate,Neither Accurate Nor Inaccurate,Neither Accurate Nor Inaccurate,Moderately Accurate,Very Inaccurate,Very Accurate,Moderately Accurate,Moderately Accurate,Very Accurate,Moderately Accurate,Neither Accurate Nor Inaccurate,Neither Accurate Nor Inaccurate,Moderately Accurate,Neither Accurate Nor Inaccurate,Moderately Accurate,Moderately Inaccurate,Very Accurate,Moderately Accurate,Moderately Inaccurate,Moderately Accurate,Very Accurate,Moderately Inaccurate,Moderately Inaccurate,Moderately Inaccurate,Moderately Inaccurate,Moderately Inaccurate,Moderately Accurate,Moderately Accurate,Moderately Accurate,Moderately Accurate,Moderately Accurate,Neither Accurate Nor Inaccurate,Moderately Accurate,Neither Accurate Nor Inaccurate,Moderately Accurate,Very Inaccurate,Moderately Accurate,Very Accurate,Very Accurate,Moderately Accurate,Moderately Accurate,Neither Accurate Nor Inaccurate,Moderately Accurate
100,R_8Wv7oo0XniKpAUF,18 - 24,Female,"Bachelor's degree (BA, BSc, etc.) or equivalent",Honest,"{'Conscientiousness': 0.328, 'Agreeableness': 0.206, 'Extroversion': 0.169, 'Openness': 0.164, 'Neuroticism': 0.133}",,Neither Accurate Nor Inaccurate,Very Inaccurate,Moderately Accurate,Moderately Accurate,Moderately Inaccurate,Very Accurate,Moderately Accurate,Moderately Inaccurate,Moderately Accurate,Moderately Inaccurate,Moderately Accurate,Very Inaccurate,Very Accurate,Moderately Accurate,Moderately Accurate,Very Accurate,Very Accurate,Moderately Inaccurate,Moderately Inaccurate,Neither Accurate Nor Inaccurate,Moderately Accurate,Very Inaccurate,Neither Accurate Nor Inaccurate,Moderately Accurate,Neither Accurate Nor Inaccurate,Moderately Accurate,Very Accurate,Very Inaccurate,Neither Accurate Nor Inaccurate,Moderately Inaccurate,Moderately Inaccurate,Moderately Accurate,Moderately Accurate,Neither Accurate Nor Inaccurate,Neither Accurate Nor Inaccurate,Moderately Accurate,Moderately Accurate,Moderately Inaccurate,Moderately Inaccurate,Moderately Inaccurate,Moderately Inaccurate,Moderately Accurate,Moderately Accurate,Neither Accurate Nor Inaccurate,Neither Accurate Nor Inaccurate,Moderately Accurate,Moderately Accurate,Moderately Accurate,Moderately Inaccurate,Neither Accurate Nor Inaccurate
100,R_8PbqNuatO0zm44Q,25 - 34,Male,Master's (MA/MSc) or Doctorate (PhD),Job,"{'Conscientiousness': 0.232, 'Agreeableness': 0.206, 'Openness': 0.202, 'Extroversion': 0.195, 'Neuroticism': 0.166}",,Neither Accurate Nor Inaccurate,Moderately Inaccurate,Neither Accurate Nor Inaccurate,Moderately Inaccurate,Moderately Accurate,Moderately Accurate,Moderately Accurate,Moderately Inaccurate,Moderately Accurate,Neither Accurate Nor Inaccurate,Moderately Accurate,Moderately Inaccurate,Moderately Accurate,Moderately Inaccurate,Moderately Accurate,Moderately Accurate,Moderately Accurate,Moderately Inaccurate,Moderately Inaccurate,Very Inaccurate,Moderately Inaccurate,Moderately Inaccurate,Neither Accurate Nor Inaccurate,Moderately Inaccurate,Neither Accurate Nor Inaccurate,Moderately Inaccurate,Moderately Accurate,Moderately Inaccurate,Moderately Inaccurate,Moderately Inaccurate,Neither Accurate Nor Inaccurate,Moderately Inaccurate,Neither Accurate Nor Inaccurate,Moderately Inaccurate,Neither Accurate Nor Inaccurate,Moderately Accurate,Neither Accurate Nor Inaccurate,Moderately Inaccurate,Very Inaccurate,Moderately Inaccurate,Moderately Inaccurate,Moderately Accurate,Moderately Accurate,Moderately Inaccurate,Moderately Accurate,Neither Accurate Nor Inaccurate,Neither Accurate Nor Inaccurate,Neither Accurate Nor Inaccurate,Neither Accurate Nor Inaccurate,Moderately Accurate
100,R_8O8Qt4HkGrc9wou,18 - 24,Female,"Bachelor's degree (BA, BSc, etc.) or equivalent",Job,"{'Openness': 0.236, 'Extroversion': 0.221, 'Agreeableness': 0.195, 'Conscientiousness': 0.177, 'Neuroticism': 0.172}",,Neither Accurate Nor Inaccurate,Very Inaccurate,Moderately Inaccurate,Moderately Inaccurate,Moderately Accurate,Neither Accurate Nor Inaccurate,Very Accurate,Moderately Inaccurate,Moderately Accurate,Very Inaccurate,Moderately Inaccurate,Very Inaccurate,Moderately Accurate,Moderately Accurate,Moderately Accurate,Neither Accurate Nor Inaccurate,Very Accurate,Very Inaccurate,Moderately Accurate,Moderately Inaccurate,Neither Accurate Nor Inaccurate,Moderately Inaccurate,Moderately Inaccurate,Neither Accurate Nor Inaccurate,Moderately Accurate,Moderately Inaccurate,Moderately Accurate,Moderately Inaccurate,Neither Accurate Nor Inaccurate,Moderately Inaccurate,Moderately Accurate,Very Inaccurate,Neither Accurate Nor Inaccurate,Moderately Accurate,Moderately Accurate,Neither Accurate Nor Inaccurate,Moderately Accurate,Neither Accurate Nor Inaccurate,Neither Accurate Nor Inaccurate,Moderately Accurate,Moderately Accurate,Very Accurate,Moderately Accurate,Moderately Accurate,Very Accurate,Very Accurate,Neither Accurate Nor Inaccurate,Moderately Accurate,Moderately Accurate,Moderately Accurate
100,R_8u9GVDILeFMDuuJ,18 - 24,Female,A-Levels or equivalent (e.g. college),Honest,"{'Conscientiousness': 0.26, 'Extroversion': 0.222, 'Agreeableness': 0.192, 'Openness': 0.187, 'Neuroticism': 0.137}",,Moderately Accurate,Very Inaccurate,Moderately Inaccurate,Moderately Inaccurate,Moderately Accurate,Very Inaccurate,Moderately Accurate,Very Accurate,Moderately Accurate,Moderately Inaccurate,Moderately Accurate,Very Inaccurate,Moderately Accurate,Neither Accurate Nor Inaccurate,Very Accurate,Neither Accurate Nor Inaccurate,Moderately Accurate,Moderately Accurate,Very Inaccurate,Very Inaccurate,Moderately Accurate,Very Inaccurate,Very Inaccurate,Moderately Accurate,Moderately Accurate,Very Inaccurate,Moderately Accurate,Very Accurate,Moderately Inaccurate,Very Inaccurate,Moderately Inaccurate,Moderately Inaccurate,Moderately Accurate,Moderately Inaccurate,Neither Accurate Nor Inaccurate,Neither Accurate Nor Inaccurate,Moderately Accurate,Moderately Inaccurate,Moderately Inaccurate,Moderately Inaccurate,Moderately Accurate,Neither Accurate Nor Inaccurate,Very Inaccurate,Moderately Inaccurate,Very Accurate,Neither Accurate Nor Inaccurate,Moderately Accurate,Neither Accurate Nor Inaccurate,Moderately Accurate,Very Accurate
100,R_2CjBRh1LvHXfu0b,18 - 24,Male,A-Levels or equivalent (e.g. college),Job,"{'Conscientiousness': 0.281, 'Extroversion': 0.191, 'Agreeableness': 0.186, 'Openness': 0.183, 'Neuroticism': 0.159}",,Neither Accurate Nor Inaccurate,Moderately Accurate,Moderately Accurate,Moderately Inaccurate,Moderately Accurate,Moderately Accurate,Neither Accurate Nor Inaccurate,Moderately Inaccurate,Moderately Accurate,Moderately Inaccurate,Moderately Accurate,Moderately Accurate,Moderately Accurate,Moderately Accurate,Moderately Inaccurate,Moderately Accurate,Moderately Accurate,Moderately Inaccurate,Neither Accurate Nor Inaccurate,Moderately Inaccurate,Moderately Inaccurate,Moderately Inaccurate,Moderately Inaccurate,Moderately Inaccurate,Neither Accurate Nor Inaccurate,Moderately Inaccurate,Moderately Accurate,Moderately Inaccurate,Moderately Inaccurate,Moderately Inaccurate,Moderately Inaccurate,Moderately Inaccurate,Moderately Inaccurate,Moderately Accurate,Very Accurate,Moderately Accurate,Moderately Accurate,Moderately Accurate,Neither Accurate Nor Inaccurate,Neither Accurate Nor Inaccurate,Moderately Accurate,Moderately Accurate,Moderately Inaccurate,Moderately Accurate,Moderately Accurate,Very Accurate,Neither Accurate Nor Inaccurate,Neither Accurate Nor Inaccurate,Neither Accurate Nor Inaccurate,Moderately Accurate
95,R_8frYmo2neXfApMt,75 - 84,Male,"Bachelor's degree (BA, BSc, etc.) or equivalent",Job,"{'Agreeableness': 0.245, 'Extroversion': 0.201, 'Conscientiousness': 0.195, 'Openness': 0.182, 'Neuroticism': 0.177}",,Very Inaccurate,Moderately Accurate,Neither Accurate Nor Inaccurate,Very Accurate,Very Accurate,Very Accurate,Neither Accurate Nor Inaccurate,Very Accurate,Moderately Accurate,Very Inaccurate,Neither Accurate Nor Inaccurate,Very Inaccurate,Moderately Accurate,Very Accurate,Moderately Accurate,Very Accurate,Moderately Accurate,Moderately Accurate,Neither Accurate Nor Inaccurate,Very Accurate,Very Inaccurate,Neither Accurate Nor Inaccurate,Moderately Accurate,Very Accurate,Moderately Accurate,Moderately Accurate,Moderately Accurate,Moderately Accurate,Moderately Accurate,Neither Accurate Nor Inaccurate,Very Inaccurate,Moderately Accurate,Very Accurate,Moderately Accurate,Moderately Accurate,Very Accurate,Moderately Accurate,Moderately Inaccurate,Neither Accurate Nor Inaccurate,Moderately Accurate,Very Inaccurate,Moderately Inaccurate,Moderately Accurate,Very Accurate,Very Accurate,Very Accurate,Moderately Inaccurate,Very Accurate,Neither Accurate Nor Inaccurate,Neither Accurate Nor Inaccurate
100,R_8jw9Y35f3nVSe4a,18 - 24,Female,A-Levels or equivalent (e.g. college),Honest,"{'Conscientiousness': 0.28, 'Agreeableness': 0.209, 'Extroversion': 0.198, 'Openness': 0.162, 'Neuroticism': 0.151}",,Moderately Inaccurate,Very Inaccurate,Moderately Accurate,Moderately Inaccurate,Moderately Inaccurate,Moderately Accurate,Moderately Accurate,Moderately Inaccurate,Moderately Accurate,Moderately Inaccurate,Neither Accurate Nor Inaccurate,Moderately Inaccurate,Very Accurate,Moderately Accurate,Moderately Inaccurate,Neither Accurate Nor Inaccurate,Moderately Accurate,Moderately Inaccurate,Neither Accurate Nor Inaccurate,Moderately Inaccurate,Moderately Inaccurate,Moderately Inaccurate,Moderately Accurate,Moderately Accurate,Moderately Accurate,Moderately Accurate,Very Accurate,Moderately Inaccurate,Very Inaccurate,Moderately Inaccurate,Moderately Inaccurate,Moderately Inaccurate,Moderately Inaccurate,Moderately Inaccurate,Moderately Accurate,Moderately Accurate,Moderately Accurate,Moderately Inaccurate,Moderately Inaccurate,Neither Accurate Nor Inaccurate,Very Inaccurate,Moderately Accurate,Moderately Accurate,Moderately Inaccurate,Moderately Accurate,Moderately Accurate,Moderately Accurate,Moderately Accurate,Moderately Inaccurate,Moderately Inaccurate
100,R_2sbfbGYIoeehqAB,18 - 24,Male,Master's (MA/MSc) or Doctorate (PhD),Job,"{'Conscientiousness': 0.269, 'Extroversion': 0.229, 'Openness': 0.186, 'Agreeableness': 0.17, 'Neuroticism': 0.146}",,Moderately Inaccurate,Very Inaccurate,Moderately Accurate,Moderately Inaccurate,Moderately Accurate,Moderately Inaccurate,Moderately Accurate,Moderately Inaccurate,Very Accurate,Very Inaccurate,Very Accurate,Moderately Inaccurate,Moderately Accurate,Moderately Accurate,Moderately Accurate,Neither Accurate Nor Inaccurate,Very Accurate,Moderately Inaccurate,Moderately Accurate,Very Inaccurate,Moderately Accurate,Moderately Inaccurate,Very Inaccurate,Moderately Inaccurate,Neither Accurate Nor Inaccurate,Moderately Inaccurate,Moderately Accurate,Moderately Inaccurate,Moderately Inaccurate,Moderately Inaccurate,Very Accurate,Very Inaccurate,Moderately Inaccurate,Moderately Inaccurate,Moderately Accurate,Neither Accurate Nor Inaccurate,Moderately Accurate,Moderately Accurate,Very Inaccurate,Moderately Accurate,Moderately Accurate,Moderately Accurate,Moderately Inaccurate,Neither Accurate Nor Inaccurate,Moderately Accurate,Very Inaccurate,Moderately Accurate,Neither Accurate Nor Inaccurate,Very Inaccurate,Moderately Accurate
100,R_85ZpNA5sd3YwOiN,18 - 24,Female,A-Levels or equivalent (e.g. college),Honest,"{'Conscientiousness': 0.261, 'Agreeableness': 0.222, 'Extroversion': 0.209, 'Openness': 0.169, 'Neuroticism': 0.139}",,Very Inaccurate,Moderately Inaccurate,Neither Accurate Nor Inaccurate,Neither Accurate Nor Inaccurate,Moderately Accurate,Neither Accurate Nor Inaccurate,Neither Accurate Nor Inaccurate,Very Accurate,Neither Accurate Nor Inaccurate,Moderately Accurate,Neither Accurate Nor Inaccurate,Moderately Accurate,Moderately Accurate,Moderately Accurate,Very Accurate,Moderately Accurate,Moderately Accurate,Moderately Accurate,Very Inaccurate,Moderately Inaccurate,Neither Accurate Nor Inaccurate,Moderately Inaccurate,Very Inaccurate,Neither Accurate Nor Inaccurate,Moderately Accurate,Neither Accurate Nor Inaccurate,Moderately Accurate,Very Accurate,Neither Accurate Nor Inaccurate,Moderately Inaccurate,Moderately Accurate,Moderately Inaccurate,Moderately Inaccurate,Moderately Accurate,Neither Accurate Nor Inaccurate,Neither Accurate Nor Inaccurate,Very Accurate,Neither Accurate Nor Inaccurate,Very Accurate,Neither Accurate Nor Inaccurate,Neither Accurate Nor Inaccurate,Moderately Accurate,Neither Accurate Nor Inaccurate,Moderately Accurate,Moderately Accurate,Very Accurate,Neither Accurate Nor Inaccurate,Neither Accurate Nor Inaccurate,Very Accurate,Neither Accurate Nor Inaccurate
100,R_8aH6Ba8wSMi1drX,18 - 24,Male,"Bachelor's degree (BA, BSc, etc.) or equivalent",Honest,"{'Extroversion': 0.235, 'Agreeableness': 0.22, 'Openness': 0.204, 'Neuroticism': 0.171, 'Conscientiousness': 0.171}",,Moderately Accurate,Moderately Inaccurate,Moderately Inaccurate,Moderately Inaccurate,Moderately Accurate,Moderately Inaccurate,Very Accurate,Moderately Accurate,Very Accurate,Moderately Inaccurate,Moderately Accurate,Moderately Accurate,Moderately Accurate,Moderately Inaccurate,Very Accurate,Moderately Inaccurate,Moderately Accurate,Moderately Inaccurate,Very Accurate,Very Inaccurate,Moderately Inaccurate,Moderately Inaccurate,Moderately Inaccurate,Moderately Inaccurate,Very Inaccurate,Moderately Inaccurate,Moderately Accurate,Moderately Inaccurate,Very Inaccurate,Very Inaccurate,Moderately Accurate,Very Inaccurate,Moderately Inaccurate,Very Inaccurate,Moderately Inaccurate,Neither Accurate Nor Inaccurate,Moderately Accurate,Moderately Accurate,Very Inaccurate,Moderately Accurate,Moderately Accurate,Moderately Accurate,Very Inaccurate,Moderately Inaccurate,Very Accurate,Neither Accurate Nor Inaccurate,Moderately Accurate,Very Inaccurate,Very Inaccurate,Very Inaccurate
100,R_2mDLXesEG2QbOzD,18 - 24,Female,"Bachelor's degree (BA, BSc, etc.) or equivalent",Job,"{'Conscientiousness': 0.211, 'Extroversion': 0.206, 'Openness': 0.206, 'Agreeableness': 0.198, 'Neuroticism': 0.179}",,Moderately Inaccurate,Very Inaccurate,Neither Accurate Nor Inaccurate,Neither Accurate Nor Inaccurate,Moderately Accurate,Very Accurate,Neither Accurate Nor Inaccurate,Very Accurate,Neither Accurate Nor Inaccurate,Neither Accurate Nor Inaccurate,Moderately Inaccurate,Very Inaccurate,Very Accurate,Moderately Accurate,Very Accurate,Neither Accurate Nor Inaccurate,Moderately Accurate,Moderately Accurate,Neither Accurate Nor Inaccurate,Moderately Inaccurate,Very Inaccurate,Very Inaccurate,Moderately Inaccurate,Moderately Inaccurate,Moderately Accurate,Very Accurate,Moderately Accurate,Neither Accurate Nor Inaccurate,Moderately Accurate,Moderately Inaccurate,Moderately Inaccurate,Moderately Inaccurate,Moderately Accurate,Moderately Accurate,Moderately Accurate,Neither Accurate Nor Inaccurate,Moderately Accurate,Neither Accurate Nor Inaccurate,Moderately Accurate,Very Accurate,Moderately Accurate,Moderately Accurate,Neither Accurate Nor Inaccurate,Moderately Accurate,Moderately Accurate,Moderately Accurate,Moderately Accurate,Moderately Accurate,Neither Accurate Nor Inaccurate,Moderately Accurate
